job_id,equipment_type,service_type,region,technician_level,urgency,equipment_age_years,estimated_hours,distance_km,parts_count,ambient_temp_c,prior_failures,job_cost
JOB-100001,Compressor,Overhaul,South,Junior,Emergency,8.626,10.957,,3,35.301,,13822.43
JOB-100002,Compressor,Preventive,West,Senior,Emergency,12.681,3.814,23.149,3,34.787,0,7955.31
JOB-100003,Compressor,Repair,South,Mid,Routine,17.483,2.776,41.21,4,,0,8147.21
JOB-100004,Compressor,Repair,West,Senior,Priority,8.827,8.541,17.919,3,30.739,2,8846.04
JOB-100005,Pump,Repair,South,Mid,Routine,6.368,0.651,5.746,1,27.785,1,4713.58
JOB-100006,Pump,Inspection,East,Mid,Priority,14.588,4.891,,2,24.597,3,7020.45
JOB-100007,Motor,Overhaul,East,Junior,Routine,1.91,3.089,23.41,3,36.765,4,7810.1
JOB-100008,Heat Exchanger,Repair,South,Junior,Routine,,6.244,106.215,,20.722,1,7525.58
JOB-100009,Motor,Repair,East,Junior,Priority,11.929,4.399,10.745,3,,0,7819.85
JOB-100010,Valve,Inspection,West,Mid,Priority,4.031,4.48,69.786,1,31.281,2,6650.44
JOB-100011,Compressor,Preventive,North,Mid,Priority,7.894,13.699,42.313,1,29.927,1,9198.28
JOB-100012,Pump,Preventive,South,Senior,Priority,3.683,6.989,79.181,4,21.651,0,8316.24
JOB-100013,Motor,Inspection,South,Mid,Routine,3.866,,13.72,4,37.705,1,7000.72
JOB-100014,Pump,Overhaul,South,Senior,Priority,3.736,9.86,10.991,2,37.169,3,10720.01
JOB-100015,Pump,Repair,East,Mid,Routine,1.408,10.204,,4,25.101,5,8679.73
JOB-100016,Pump,Repair,South,Mid,Routine,,4.551,13.095,7,27.934,0,7607.5
JOB-100017,Motor,Overhaul,West,Junior,Routine,15.896,10.819,29.136,,,4,10238.03
JOB-100018,Motor,Repair,South,Junior,Routine,17.833,9.282,42.252,3,20.608,1,9062.05
JOB-100019,Pump,Overhaul,West,Mid,Emergency,11.907,1.161,13.67,2,24.074,3,9534.8
JOB-100020,Motor,Repair,West,Senior,Routine,,7.113,26.661,2,34.645,2,7998.26
JOB-100021,Motor,Inspection,East,Mid,Routine,11.069,5.079,13.591,1,29.099,0,3428.43
JOB-100022,Compressor,Inspection,North,Mid,Routine,4.403,6.238,3.114,1,38.262,2,6153.1
JOB-100023,Compressor,Preventive,North,Junior,Routine,7.908,6.422,23.632,4,37.197,5,8716.51
JOB-100024,Pump,Repair,East,Mid,Routine,5.862,1.838,13.722,2,29.44,1,5541.3
JOB-100025,Motor,Preventive,East,Mid,Routine,4.333,5.691,5.62,2,31.979,2,4597.4
JOB-100026,Pump,Repair,South,Senior,Routine,1.724,1.687,28.055,1,26.94,1,5490.77
JOB-100027,Motor,Preventive,North,Mid,Routine,8.191,,9.452,2,,1,4548.18
JOB-100028,Motor,Preventive,North,Junior,Routine,4.782,3.586,9.227,3,33.016,2,4592.3
JOB-100029,Heat Exchanger,Inspection,West,Junior,Routine,12.074,2.022,24.009,0,25.699,0,5075.04
JOB-100030,Compressor,Repair,East,Mid,,12.83,4.536,3.918,2,36.612,3,9700.07
JOB-100031,Heat Exchanger,Repair,West,Mid,Priority,8.805,7.562,12.525,3,38.414,2,9563.93
JOB-100032,Motor,Inspection,North,Mid,Routine,6.22,3.975,25.104,7,36.23,0,6803.67
JOB-100033,Pump,Repair,East,,Routine,6.263,7.266,26.649,3,29.534,1,6531.35
JOB-100034,,Inspection,East,Mid,Priority,13.631,2.063,20.033,1,19.858,2,5300.7
JOB-100035,Compressor,Repair,North,Mid,Routine,5.958,5.67,16.563,4,23.36,1,6781.57
JOB-100036,Compressor,Repair,West,Senior,Routine,10.791,,9.377,5,30.782,2,8957.99
JOB-100037,Valve,Repair,West,Senior,Routine,6.661,8.599,25.948,2,,1,7966.49
JOB-100038,Pump,Preventive,East,Junior,Priority,5.84,2.272,9.363,4,22.655,2,6809.0
JOB-100039,Pump,Overhaul,North,Junior,Routine,7.537,17.718,54.961,1,32.419,2,13231.09
JOB-100040,Pump,Repair,North,Mid,Priority,19.883,4.52,12.572,1,27.062,1,6218.29
JOB-100041,Heat Exchanger,Preventive,East,Junior,Routine,10.104,9.412,33.717,2,34.5,0,8824.61
JOB-100042,Valve,Inspection,South,Senior,Routine,5.435,3.175,49.153,4,34.753,0,5245.6
JOB-100043,Motor,Repair,East,Junior,Routine,7.633,1.431,16.161,2,34.447,1,5800.12
JOB-100044,,Preventive,East,Junior,Routine,9.654,10.052,22.992,1,28.649,0,6564.78
JOB-100045,Valve,Inspection,,Junior,Priority,9.153,1.54,24.658,0,34.671,0,3386.34
JOB-100046,Valve,Overhaul,South,Mid,Routine,2.637,3.918,8.287,0,27.588,0,7952.96
JOB-100047,Compressor,Overhaul,South,Mid,Routine,8.178,7.985,39.022,2,28.809,2,9429.17
JOB-100048,Pump,Repair,East,Junior,Priority,13.518,4.153,14.99,4,33.708,2,7949.59
JOB-100049,Pump,Preventive,West,Senior,Routine,6.357,3.855,21.158,2,16.03,2,5280.13
JOB-100050,Pump,Repair,West,Mid,Emergency,1.802,7.23,6.702,2,43.24,1,8883.25
JOB-100051,Motor,Preventive,South,Junior,Priority,6.225,6.557,24.85,1,24.06,2,5828.69
JOB-100052,Motor,Inspection,West,Senior,Emergency,11.355,6.305,9.441,2,23.548,1,7175.29
JOB-100053,Motor,Repair,East,Senior,Priority,12.093,,27.387,2,28.871,1,6715.56
JOB-100054,Motor,Overhaul,,Mid,Priority,,2.363,15.457,1,35.876,2,7607.19
JOB-100055,Valve,Repair,North,Junior,Emergency,7.766,2.162,11.152,2,32.802,1,7166.49
JOB-100056,Motor,Repair,South,Mid,Routine,1.946,,11.443,1,28.371,0,3940.25
JOB-100057,Motor,,South,Mid,Routine,2.165,3.005,7.515,1,35.937,0,2360.3
JOB-100058,,Preventive,South,,Routine,13.503,9.519,9.514,1,35.39,1,5680.53
JOB-100059,Pump,Inspection,East,Mid,Routine,14.133,4.691,26.059,3,37.027,1,6553.11
JOB-100060,Valve,Overhaul,West,Senior,Routine,13.139,13.955,,0,23.794,0,8742.28
JOB-100061,Pump,Overhaul,West,Junior,Routine,7.68,3.759,,,30.466,1,9152.48
JOB-100062,Pump,Repair,South,Mid,Routine,4.168,5.72,42.456,2,29.321,1,5871.9
JOB-100063,Valve,Preventive,South,Mid,Priority,13.88,3.935,10.535,0,27.153,0,4760.77
JOB-100064,Valve,Repair,South,Senior,Routine,,3.993,12.992,,36.248,4,5676.48
JOB-100065,Motor,Overhaul,,Junior,Routine,4.279,9.02,14.515,3,29.548,0,9124.86
JOB-100066,Motor,Repair,South,Junior,Routine,,2.712,17.764,1,43.001,2,4315.55
JOB-100067,Heat Exchanger,Inspection,North,Mid,Routine,,6.656,16.917,4,22.413,2,7962.18
JOB-100068,Motor,Repair,South,Mid,Routine,8.599,7.014,5.881,3,33.204,0,7188.58
JOB-100069,Heat Exchanger,Preventive,North,Mid,Routine,13.634,1.476,37.272,2,23.056,2,6112.41
JOB-100070,Compressor,Inspection,North,Mid,Routine,6.661,5.3,28.026,3,22.053,0,6249.96
JOB-100071,Motor,Repair,East,Junior,Routine,11.863,3.688,13.726,1,29.214,4,5335.28
JOB-100072,Pump,Inspection,East,Mid,Emergency,3.175,14.109,67.52,3,32.743,1,10268.6
JOB-100073,Motor,Preventive,East,Senior,Priority,11.872,4.032,15.689,3,29.81,3,6885.62
JOB-100074,Heat Exchanger,Repair,North,Mid,Priority,9.149,,16.582,1,36.242,0,10210.45
JOB-100075,Compressor,Preventive,East,,Routine,8.643,7.799,,2,18.86,1,6767.05
JOB-100076,Motor,Repair,South,,Routine,3.613,6.581,13.477,4,27.303,4,6997.1
JOB-100077,Heat Exchanger,Repair,West,Mid,Emergency,24.841,2.844,6.862,8,39.109,1,13469.9
JOB-100078,Pump,Repair,East,Junior,Routine,1.475,6.056,22.809,4,28.7,0,6177.76
JOB-100079,Compressor,Repair,West,Mid,Routine,6.096,9.68,44.595,2,26.463,1,9980.54
JOB-100080,Heat Exchanger,Preventive,,Junior,Priority,5.519,4.797,18.123,4,35.998,2,7119.44
JOB-100081,,Inspection,South,Senior,Routine,13.629,7.191,,4,31.374,1,6204.73
JOB-100082,Pump,Repair,North,Senior,Priority,7.062,7.17,,2,26.628,,8770.98
JOB-100083,Motor,Preventive,West,Junior,Routine,1.109,1.23,67.216,2,34.203,1,5495.1
JOB-100084,Valve,Preventive,West,Senior,Routine,,7.737,40.14,4,28.157,1,8735.15
JOB-100085,Compressor,Repair,South,Mid,Priority,,4.003,118.664,1,28.127,1,8796.29
JOB-100086,Pump,Overhaul,South,Mid,Routine,7.077,4.363,29.245,3,40.146,6,8220.75
JOB-100087,Valve,Overhaul,South,Mid,Priority,,,28.122,2,28.34,1,9759.75
JOB-100088,Motor,Overhaul,East,Junior,Routine,6.844,2.916,35.246,4,27.477,2,9160.7
JOB-100089,Valve,Preventive,North,Senior,Routine,11.228,2.21,7.523,1,35.236,1,3652.86
JOB-100090,Motor,Overhaul,North,Mid,Emergency,2.715,9.63,33.15,2,,1,11707.77
JOB-100091,Compressor,Preventive,West,Mid,Routine,5.018,7.532,93.5,0,31.205,0,6886.25
JOB-100092,Compressor,Repair,East,Senior,Priority,,2.079,,2,29.655,0,6830.41
JOB-100093,Compressor,Repair,East,Senior,Routine,11.597,8.605,19.966,5,22.776,1,9693.25
JOB-100094,Motor,Preventive,South,Junior,Routine,8.953,2.138,30.649,2,23.822,1,4678.15
JOB-100095,Pump,Overhaul,East,Junior,Emergency,10.57,7.264,17.059,2,32.694,3,12388.21
JOB-100096,Motor,Inspection,South,Mid,Emergency,3.731,3.053,26.994,4,33.206,2,7716.22
JOB-100097,Pump,,West,Junior,Routine,4.969,1.693,15.231,,29.597,1,3326.73
JOB-100098,Valve,Preventive,East,Senior,Routine,15.315,6.247,51.055,3,25.313,0,7551.1
JOB-100099,Pump,Repair,South,Mid,Emergency,8.381,2.128,,2,44.831,1,7682.52
JOB-100100,Motor,Overhaul,,Senior,Routine,6.188,4.972,15.823,4,39.224,0,8312.84
JOB-100101,Motor,Inspection,West,Junior,Routine,3.797,14.62,14.475,,31.286,2,8229.71
JOB-100102,Compressor,Overhaul,South,Senior,Routine,7.141,4.37,11.64,3,38.213,1,10092.68
JOB-100103,Motor,Overhaul,East,Senior,Emergency,5.906,5.526,18.072,1,22.469,0,10078.96
JOB-100104,Pump,Repair,,Mid,Routine,21.997,10.188,57.903,0,35.343,1,9301.29
JOB-100105,Motor,Repair,East,Mid,Priority,,5.579,16.606,0,35.803,0,7589.66
JOB-100106,Motor,Preventive,West,,Emergency,5.53,5.685,36.874,0,31.247,2,6341.41
JOB-100107,Pump,Inspection,West,Junior,Routine,12.518,5.197,13.224,5,34.193,2,6428.06
JOB-100108,Pump,Preventive,South,Junior,Routine,4.008,2.115,13.439,1,33.498,1,3328.25
JOB-100109,Compressor,Preventive,South,Senior,Routine,4.728,16.666,14.719,2,31.889,3,7557.28
JOB-100110,Heat Exchanger,Inspection,North,Mid,Routine,14.991,4.582,20.77,3,31.621,3,6422.23
JOB-100111,Compressor,Preventive,West,Mid,Priority,5.291,6.221,36.853,5,27.594,2,9487.59
JOB-100112,Compressor,Preventive,,Mid,Routine,7.539,2.717,29.692,2,23.84,1,6424.3
JOB-100113,Motor,Repair,East,Junior,Routine,6.432,3.346,39.182,3,28.393,1,5944.11
JOB-100114,Compressor,Overhaul,South,Junior,Routine,3.039,4.659,22.244,3,22.571,1,8443.83
JOB-100115,Compressor,Inspection,West,Senior,Routine,4.747,4.702,31.774,7,30.892,0,8795.87
JOB-100116,Pump,Repair,East,Junior,Priority,2.599,3.756,13.291,5,27.272,4,8808.2
JOB-100117,Valve,Preventive,South,Junior,Priority,12.523,9.131,17.618,4,45.129,2,8804.91
JOB-100118,Pump,Repair,North,Mid,Routine,7.39,2.076,40.315,2,25.587,2,5821.15
JOB-100119,Motor,Inspection,East,Senior,Priority,11.897,6.829,17.198,1,29.784,0,4688.32
JOB-100120,Pump,Inspection,East,Mid,Routine,3.438,3.493,78.132,1,25.963,2,5438.57
JOB-100121,Motor,Inspection,South,Senior,Routine,4.403,16.739,26.486,3,30.318,0,7906.12
JOB-100122,Valve,Overhaul,South,Mid,Routine,0.897,1.945,25.333,3,38.657,0,7875.93
JOB-100123,Valve,Inspection,North,Mid,Emergency,3.002,4.235,13.58,2,38.616,2,5907.5
JOB-100124,Motor,Overhaul,North,Senior,Priority,4.314,3.571,16.422,2,28.184,2,8820.63
JOB-100125,Compressor,Preventive,West,Mid,Routine,2.041,18.784,,3,34.335,3,12879.54
JOB-100126,,Repair,South,Senior,Routine,9.574,9.367,,3,40.777,1,7430.08
JOB-100127,Heat Exchanger,Inspection,North,Mid,Routine,10.086,10.552,12.41,6,31.138,5,9932.01
JOB-100128,Motor,Overhaul,East,Junior,Routine,6.505,20.0,,1,35.946,2,10960.17
JOB-100129,Compressor,Repair,East,Mid,Routine,3.71,1.469,11.193,2,16.062,3,5939.7
JOB-100130,Pump,Inspection,South,Mid,Priority,12.52,2.317,21.712,2,24.753,0,5221.3
JOB-100131,Compressor,Inspection,West,Mid,Routine,9.419,5.727,21.454,,40.545,0,7378.43
JOB-100132,Motor,Repair,North,Junior,Routine,14.412,2.94,8.346,1,31.398,3,5256.56
JOB-100133,Pump,Repair,West,Junior,Priority,10.031,2.734,38.405,2,25.224,0,7060.29
JOB-100134,Compressor,Inspection,North,Junior,Emergency,10.553,7.325,15.36,7,31.288,0,10595.35
JOB-100135,Pump,Preventive,South,Mid,Routine,7.733,4.285,26.413,5,30.193,1,7834.06
JOB-100136,Valve,,East,Mid,Priority,4.08,5.216,22.391,0,,2,5549.8
JOB-100137,Motor,Repair,South,Junior,Routine,15.467,20.0,7.514,3,41.49,1,11952.21
JOB-100138,Pump,Preventive,South,Senior,Routine,4.749,1.321,42.414,6,26.907,1,7826.31
JOB-100139,Motor,Preventive,East,Mid,Routine,6.363,16.067,29.892,1,39.258,1,9109.6
JOB-100140,Pump,Repair,East,Mid,Routine,3.791,5.03,33.334,4,40.665,1,7960.5
JOB-100141,Motor,Inspection,South,Senior,Routine,9.792,2.823,30.948,0,33.426,0,3785.93
JOB-100142,,Inspection,North,Mid,Routine,11.318,4.334,29.739,0,40.304,2,4548.32
JOB-100143,Motor,Overhaul,East,Senior,Priority,7.214,7.963,7.072,1,31.531,2,9125.66
JOB-100144,Pump,Inspection,West,Junior,Routine,25.0,4.328,,1,24.493,2,5473.3
JOB-100145,Valve,Preventive,North,Mid,Priority,3.969,5.006,34.997,2,32.272,1,6285.93
JOB-100146,Compressor,Repair,South,Junior,Routine,2.647,5.69,66.468,1,35.57,0,6012.67
JOB-100147,Pump,Repair,West,Senior,Routine,2.202,3.5,17.896,2,31.656,3,7488.95
JOB-100148,Pump,Inspection,North,Mid,Routine,5.234,5.005,18.69,4,26.601,2,6641.69
JOB-100149,Pump,Inspection,North,Mid,Routine,4.063,,66.457,0,36.67,1,3423.01
JOB-100150,Pump,Preventive,South,Mid,Routine,11.857,1.846,32.747,3,43.8,0,5652.98
JOB-100151,Motor,Repair,East,Senior,Priority,3.299,1.948,25.505,3,32.288,1,6793.18
JOB-100152,Motor,Preventive,East,Mid,Priority,4.347,3.13,30.243,2,31.718,1,6196.02
JOB-100153,Pump,Repair,North,Mid,Emergency,1.204,,17.031,2,25.463,3,9688.17
JOB-100154,Compressor,Repair,,Mid,Routine,1.893,5.376,30.939,3,31.576,1,7255.14
JOB-100155,Valve,Overhaul,East,Senior,Priority,11.958,1.466,42.412,3,28.907,1,8829.77
JOB-100156,Motor,Overhaul,East,Mid,Routine,5.499,3.626,9.35,1,30.975,0,7603.87
JOB-100157,Compressor,,South,Senior,Routine,3.175,4.446,37.426,3,31.412,1,8727.96
JOB-100158,Valve,Preventive,South,Mid,Emergency,7.263,6.668,22.947,4,34.595,0,6986.56
JOB-100159,Compressor,Inspection,South,Senior,Routine,14.492,9.107,27.744,3,29.31,2,7635.73
JOB-100160,Pump,Repair,North,Mid,Routine,10.577,1.898,8.17,3,31.555,2,6037.25
JOB-100161,Motor,Overhaul,South,Junior,Routine,11.021,2.306,20.23,,35.18,0,8333.26
JOB-100162,Pump,Repair,North,Senior,Routine,11.306,0.777,41.028,3,29.854,2,7113.58
JOB-100163,Motor,Inspection,West,Senior,Routine,,8.639,24.973,3,30.025,0,6254.92
JOB-100164,Motor,,East,Mid,Routine,8.929,3.159,13.821,2,33.889,1,6910.39
JOB-100165,Compressor,Repair,East,Mid,Routine,15.997,2.878,16.332,1,27.892,0,6186.79
JOB-100166,Pump,Inspection,West,Mid,Routine,2.646,10.397,11.326,3,36.64,2,7302.87
JOB-100167,Pump,Overhaul,South,Mid,Emergency,11.596,7.408,42.248,3,27.502,3,13201.06
JOB-100168,Valve,Repair,North,Mid,Routine,9.16,,17.125,3,25.68,1,5276.42
JOB-100169,Motor,Overhaul,South,Senior,Routine,19.887,2.128,5.122,1,25.32,0,6425.94
JOB-100170,Pump,Repair,West,Mid,Priority,9.156,4.238,39.519,,30.497,4,8792.8
JOB-100171,Motor,Inspection,,Mid,,5.662,4.983,15.38,,27.124,1,4706.69
JOB-100172,Motor,Preventive,South,Mid,Priority,5.552,5.05,16.554,3,18.822,0,5161.58
JOB-100173,Motor,Repair,South,Mid,Routine,4.21,10.074,,3,33.675,0,6971.09
JOB-100174,Valve,Inspection,East,Mid,Routine,,13.169,15.664,1,34.072,2,5224.77
JOB-100175,Pump,Repair,South,Junior,Priority,3.748,9.268,28.236,2,44.308,0,7564.66
JOB-100176,Valve,Repair,West,Senior,Routine,3.608,4.131,44.768,1,34.697,3,7409.92
JOB-100177,,Repair,South,Junior,Routine,8.75,1.817,47.514,2,28.987,3,6769.96
JOB-100178,Valve,Repair,,Mid,Priority,10.971,,7.905,1,35.497,1,6251.56
JOB-100179,Pump,Repair,South,Senior,Priority,6.424,6.978,21.248,3,28.185,0,7878.35
JOB-100180,Motor,Repair,South,Mid,Routine,6.245,7.173,21.302,8,26.434,3,10736.74
JOB-100181,Compressor,Repair,East,Mid,Priority,4.739,13.221,37.398,3,36.101,0,10201.58
JOB-100182,Motor,Repair,South,Mid,Routine,2.482,9.215,32.897,3,35.362,2,7789.85
JOB-100183,Valve,Repair,North,Senior,Routine,9.892,10.35,64.34,7,31.077,1,10861.04
JOB-100184,Heat Exchanger,Repair,South,Senior,Priority,10.423,7.113,9.012,2,31.017,0,9139.82
JOB-100185,Valve,Preventive,South,Mid,Priority,1.13,8.104,24.641,2,37.459,1,6579.66
JOB-100186,Valve,Inspection,,Senior,Priority,9.09,4.54,15.47,2,28.754,2,6287.97
JOB-100187,Pump,Overhaul,North,Mid,Emergency,11.763,3.48,11.92,1,23.876,2,9427.22
JOB-100188,Valve,Overhaul,North,Junior,Priority,9.446,8.541,20.848,2,28.273,1,9460.37
JOB-100189,,Inspection,,Mid,Routine,3.754,6.948,12.632,3,31.698,1,4584.16
JOB-100190,Compressor,Repair,East,Junior,Emergency,,9.883,40.4,1,24.948,3,12779.66
JOB-100191,,Inspection,South,Senior,Routine,6.782,13.314,26.675,4,33.103,2,7401.17
JOB-100192,Pump,Overhaul,North,Senior,Routine,,9.949,8.591,2,44.149,2,10228.95
JOB-100193,Valve,Overhaul,West,Mid,Routine,4.503,3.813,11.971,1,34.98,0,7004.07
JOB-100194,Pump,Preventive,East,Senior,Routine,10.211,2.453,35.346,3,,1,5813.29
JOB-100195,Pump,Preventive,East,Mid,Priority,25.0,,15.704,3,33.553,1,7985.21
JOB-100196,Compressor,Inspection,East,Mid,Routine,10.921,,41.071,2,36.11,2,5996.32
JOB-100197,Motor,Repair,North,Mid,,8.562,6.006,50.888,7,33.685,,7904.7
JOB-100198,Motor,Preventive,West,Mid,Routine,5.989,0.78,13.125,3,31.019,1,4753.13
JOB-100199,Valve,Repair,East,Mid,Emergency,1.887,10.573,53.336,2,26.857,,10858.24
JOB-100200,Motor,Overhaul,South,Senior,Emergency,7.657,9.958,6.584,5,18.104,2,13894.46
JOB-100201,Valve,Inspection,East,Junior,Routine,5.777,15.643,9.283,3,31.803,2,8160.7
JOB-100202,Valve,Inspection,North,Mid,Routine,6.444,7.935,29.283,1,27.991,1,5337.94
JOB-100203,,Inspection,North,Mid,Priority,6.456,9.423,15.823,3,37.385,3,8087.18
JOB-100204,Motor,Preventive,North,Senior,Routine,1.947,4.678,24.623,2,21.789,1,4676.56
JOB-100205,Valve,Repair,North,Junior,Routine,6.131,4.32,,5,47.12,2,6782.77
JOB-100206,Valve,Repair,South,Mid,Priority,6.867,5.91,37.386,4,37.175,0,8185.9
JOB-100207,Motor,Overhaul,North,Senior,Routine,19.617,3.143,29.725,3,37.363,0,8942.52
JOB-100208,Heat Exchanger,Repair,West,Mid,Priority,6.549,3.997,,3,33.142,2,8118.23
JOB-100209,Compressor,Preventive,West,Mid,Routine,,15.807,9.104,1,34.228,0,9145.96
JOB-100210,Heat Exchanger,Overhaul,North,Mid,Priority,3.739,7.37,10.226,4,31.728,2,11856.44
JOB-100211,Pump,Inspection,West,Senior,Emergency,2.694,6.64,7.828,5,32.469,2,8970.13
JOB-100212,Motor,Inspection,North,Junior,Priority,8.29,5.195,42.979,2,37.61,2,4839.02
JOB-100213,Compressor,Repair,,Senior,Priority,4.756,16.6,19.889,3,28.966,1,10903.97
JOB-100214,Pump,Preventive,West,Mid,Routine,3.151,2.767,,1,36.595,0,4300.93
JOB-100215,Valve,Inspection,North,Junior,Priority,7.653,9.033,,2,41.646,1,5980.22
JOB-100216,Compressor,Overhaul,West,Mid,Routine,3.846,1.354,15.255,4,29.69,4,9094.21
JOB-100217,Heat Exchanger,Repair,East,Senior,Routine,9.789,8.795,15.167,3,23.006,2,9383.9
JOB-100218,Motor,Overhaul,South,Mid,Priority,8.915,,26.857,2,,0,6737.72
JOB-100219,Compressor,Overhaul,East,Mid,Routine,10.551,2.568,11.813,5,31.275,3,10074.84
JOB-100220,Motor,Repair,North,Mid,Priority,3.771,6.237,100.768,1,30.029,2,8323.58
JOB-100221,Compressor,Preventive,,Junior,Priority,5.437,2.423,19.7,3,30.184,1,5971.34
JOB-100222,Compressor,Preventive,West,,Routine,11.99,8.007,12.405,3,40.77,4,8553.57
JOB-100223,Motor,Repair,East,Senior,,12.169,2.156,11.108,,45.152,,6004.54
JOB-100224,Valve,Overhaul,West,Mid,Routine,9.8,3.997,14.809,1,34.459,0,8046.35
JOB-100225,Pump,,South,Junior,Routine,6.669,17.619,9.996,8,42.187,1,10672.66
JOB-100226,Pump,Inspection,North,Senior,Priority,6.063,13.983,,4,25.884,0,9424.81
JOB-100227,Pump,Repair,East,Mid,Routine,4.294,7.519,19.491,0,36.242,4,7048.17
JOB-100228,Compressor,Overhaul,West,Junior,Priority,2.12,4.41,47.496,1,36.196,1,9915.89
JOB-100229,Pump,Preventive,West,,Emergency,,3.721,17.588,5,,1,8500.82
JOB-100230,,Preventive,East,Senior,Routine,9.68,1.554,16.362,,18.025,3,5054.38
JOB-100231,Valve,Preventive,South,Mid,Routine,7.345,2.779,11.01,1,35.723,2,4666.71
JOB-100232,Valve,Repair,East,Mid,Routine,8.357,7.985,46.358,2,24.411,1,7237.79
JOB-100233,Compressor,Repair,North,Mid,Routine,5.022,,7.416,,29.023,2,6369.11
JOB-100234,Pump,Repair,East,Senior,Routine,2.597,12.565,25.869,6,28.53,1,10627.13
JOB-100235,Motor,Preventive,South,Senior,Routine,2.542,6.744,16.676,4,30.116,2,6842.7
JOB-100236,Motor,Inspection,North,Junior,Routine,10.151,5.252,10.617,0,23.475,0,3580.81
JOB-100237,Valve,Inspection,North,Junior,Routine,7.189,4.329,6.704,3,37.572,3,5240.25
JOB-100238,Pump,,North,Mid,Routine,3.436,4.135,14.212,1,32.291,1,6534.12
JOB-100239,Pump,Repair,North,Junior,Priority,1.754,5.714,12.702,2,30.041,0,6199.56
JOB-100240,Valve,Overhaul,West,Mid,Priority,16.948,5.706,16.256,3,34.108,1,9195.2
JOB-100241,Motor,Repair,South,Senior,Priority,,12.356,11.634,1,33.942,5,8559.09
JOB-100242,Compressor,Repair,South,Mid,Priority,2.621,18.088,37.525,,36.314,0,10398.46
JOB-100243,Valve,Repair,East,Senior,Emergency,4.726,2.455,18.637,3,22.473,0,9097.48
JOB-100244,Valve,Inspection,North,Junior,Priority,3.421,3.899,17.401,3,26.555,1,5822.04
JOB-100245,Pump,Overhaul,West,Mid,Routine,4.364,9.087,17.57,4,37.402,2,9977.32
JOB-100246,Motor,Inspection,South,Mid,Priority,8.11,4.674,26.723,1,,1,5077.46
JOB-100247,Valve,Overhaul,West,Junior,Priority,5.12,3.186,12.877,5,33.507,2,9480.28
JOB-100248,Pump,Repair,West,Mid,Routine,7.833,9.889,50.161,3,25.923,3,9865.07
JOB-100249,Pump,Preventive,West,Junior,Routine,5.325,3.951,25.945,2,33.327,4,5956.85
JOB-100250,Pump,Repair,South,Mid,Routine,8.525,1.844,25.198,4,29.033,0,7171.89
JOB-100251,Pump,Repair,West,Junior,Emergency,7.391,14.646,20.309,2,38.43,,9034.92
JOB-100252,Motor,Preventive,South,Mid,Priority,3.179,11.913,35.35,3,24.36,0,8783.14
JOB-100253,Pump,Repair,South,Mid,Routine,10.38,8.754,35.348,2,39.94,0,8218.67
JOB-100254,Pump,Preventive,East,Junior,Routine,20.389,5.892,12.358,1,18.14,0,6386.71
JOB-100255,Compressor,Repair,South,Mid,Routine,18.021,3.051,33.768,3,27.279,2,8186.02
JOB-100256,Pump,Inspection,West,Mid,Routine,14.482,6.283,49.543,1,23.931,4,6990.22
JOB-100257,Pump,Repair,North,Senior,Priority,,,31.912,0,39.976,2,8876.34
JOB-100258,Heat Exchanger,Inspection,South,Mid,Emergency,4.857,4.46,28.565,3,13.438,1,7574.59
JOB-100259,Motor,Repair,North,Mid,Routine,14.753,13.162,5.09,0,29.6,2,7881.26
JOB-100260,Valve,Repair,North,Senior,Routine,12.581,2.779,16.595,0,42.877,1,5827.06
JOB-100261,Compressor,Repair,East,Mid,Routine,7.229,1.615,27.794,3,32.441,1,7846.67
JOB-100262,Valve,Overhaul,East,Mid,Routine,4.306,0.921,33.665,0,18.892,1,6557.68
JOB-100263,Motor,Repair,,Junior,Routine,5.368,,14.056,3,32.601,1,8235.11
JOB-100264,Compressor,Inspection,East,,Routine,7.939,2.953,17.217,3,27.463,1,5493.26
JOB-100265,Pump,Inspection,South,Junior,Priority,9.878,5.001,22.901,1,23.811,1,5212.77
JOB-100266,Compressor,,North,Junior,Priority,7.312,9.218,19.364,2,25.638,1,6727.32
JOB-100267,Pump,Inspection,South,Mid,Routine,12.296,3.492,38.958,2,30.992,,5515.12
JOB-100268,Pump,Repair,East,Junior,Routine,11.83,3.696,20.234,1,28.996,2,6714.66
JOB-100269,Valve,Repair,,Senior,Routine,6.197,3.45,13.89,2,19.069,1,5760.95
JOB-100270,Compressor,Inspection,South,Senior,Routine,9.086,8.022,50.643,1,34.176,1,8512.28
JOB-100271,Valve,Repair,West,Senior,Routine,4.767,3.335,14.293,2,36.925,0,5299.23
JOB-100272,Compressor,,East,Senior,Routine,2.851,4.935,,2,35.99,2,6112.27
JOB-100273,Motor,Repair,South,Mid,Routine,13.954,,23.115,5,,3,10073.73
JOB-100274,,Repair,,Mid,Emergency,6.923,6.319,16.051,3,31.278,3,9349.02
JOB-100275,Pump,Inspection,South,Mid,Routine,8.888,5.927,23.235,,33.773,1,4672.1
JOB-100276,Valve,Repair,East,Junior,Priority,25.0,1.859,17.048,3,35.745,2,7390.4
JOB-100277,Pump,Repair,North,Junior,Priority,5.366,,75.778,2,27.662,2,10381.24
JOB-100278,Compressor,Overhaul,West,Mid,Routine,5.072,20.0,19.643,4,24.169,1,17482.08
JOB-100279,Valve,Inspection,South,Mid,Routine,6.11,9.686,34.068,1,23.02,2,5500.89
JOB-100280,Compressor,Preventive,East,Junior,Priority,10.089,8.343,18.058,3,28.457,3,8291.52
JOB-100281,Pump,Inspection,West,Junior,Routine,13.139,6.561,28.505,1,33.726,2,6790.0
JOB-100282,Valve,Inspection,West,Mid,Routine,11.882,8.18,16.587,1,33.802,3,6295.04
JOB-100283,Pump,,South,Mid,,2.544,11.216,12.526,1,24.773,5,7732.41
JOB-100284,Compressor,Inspection,South,Junior,Routine,,14.318,15.67,2,23.424,3,6338.4
JOB-100285,Heat Exchanger,Overhaul,South,Mid,Priority,4.205,6.848,23.538,1,32.78,1,11122.76
JOB-100286,Compressor,Repair,West,Mid,Routine,9.834,7.787,51.994,3,41.958,3,9687.33
JOB-100287,Pump,Preventive,West,Mid,Routine,2.781,4.077,17.289,2,28.097,0,4552.12
JOB-100288,Compressor,Preventive,West,Mid,Routine,,5.999,37.327,1,36.611,3,7063.7
JOB-100289,Motor,Repair,South,Junior,Routine,11.834,,9.525,3,29.951,0,6283.55
JOB-100290,Pump,Preventive,West,Mid,Routine,14.968,4.554,7.352,3,36.133,2,7070.64
JOB-100291,Pump,Inspection,South,Mid,Routine,5.227,6.661,12.416,3,37.559,1,6462.18
JOB-100292,Compressor,Repair,North,Mid,Routine,18.857,6.491,13.332,2,30.31,1,8705.53
JOB-100293,Pump,Inspection,South,Mid,Routine,6.745,2.652,9.378,1,35.451,2,3568.37
JOB-100294,Valve,Repair,East,Junior,Routine,,7.105,9.704,3,36.13,1,6763.11
JOB-100295,Compressor,Inspection,,Mid,Emergency,7.165,,,1,37.243,0,8411.01
JOB-100296,Valve,Preventive,South,Junior,Routine,2.453,8.345,16.027,2,24.409,2,4854.29
JOB-100297,Pump,Repair,North,Mid,Priority,14.319,2.167,13.588,2,21.874,3,6884.41
JOB-100298,Motor,Preventive,East,Senior,Routine,10.242,3.729,12.12,4,36.86,6,6665.38
JOB-100299,Motor,Repair,West,Mid,Routine,3.246,3.536,7.823,5,27.998,1,6835.98
JOB-100300,Compressor,Repair,South,Junior,Routine,10.556,4.444,2.86,3,44.9,1,8781.95
JOB-100301,,Preventive,North,Mid,Routine,4.896,5.238,22.427,3,26.831,1,5103.49
JOB-100302,Compressor,Inspection,North,Junior,Routine,17.85,7.847,,1,26.131,1,8261.23
JOB-100303,Valve,Preventive,South,Senior,Emergency,11.15,7.695,20.356,2,31.196,0,6831.22
JOB-100304,Compressor,Repair,West,Senior,Routine,2.948,6.627,10.142,1,29.937,1,6976.53
JOB-100305,Motor,Repair,South,Junior,Priority,,4.481,20.742,3,24.795,1,6846.12
JOB-100306,Valve,Preventive,West,Senior,Priority,4.977,8.446,4.389,2,19.645,1,6991.27
JOB-100307,,Preventive,West,Junior,Routine,4.027,3.377,31.409,5,37.751,2,7355.92
JOB-100308,Heat Exchanger,Inspection,South,Junior,Routine,12.212,2.613,24.914,2,28.058,1,5424.72
JOB-100309,Motor,Repair,South,Mid,Routine,3.054,9.273,23.883,1,31.764,3,6454.07
JOB-100310,Valve,Inspection,North,Senior,Routine,3.814,8.838,38.58,3,24.492,1,6791.78
JOB-100311,Pump,Repair,East,Mid,Routine,1.763,3.123,17.063,2,21.199,4,6894.53
JOB-100312,Motor,Repair,East,Senior,Routine,10.321,2.119,19.676,4,23.564,2,7310.02
JOB-100313,Heat Exchanger,Repair,,Mid,Priority,7.174,2.995,22.78,2,33.475,,7841.6
JOB-100314,Compressor,Preventive,South,Senior,Routine,11.699,8.242,41.614,3,,1,7099.4
JOB-100315,Motor,Inspection,East,Junior,Routine,2.89,6.321,52.503,1,23.689,0,4204.25
JOB-100316,Valve,Repair,,Senior,Routine,19.06,11.511,9.704,1,30.759,3,7543.15
JOB-100317,Heat Exchanger,Repair,West,,Routine,10.006,11.748,48.847,1,,1,9940.06
JOB-100318,Valve,Overhaul,West,Mid,Routine,9.015,3.967,35.759,2,33.532,0,7270.3
JOB-100319,Valve,Preventive,South,Mid,Routine,10.372,2.734,25.218,2,29.197,0,4587.39
JOB-100320,Compressor,Preventive,North,,,12.416,4.517,48.164,3,34.97,3,7781.35
JOB-100321,Compressor,Inspection,South,Senior,Routine,3.948,4.849,13.67,3,29.168,0,5061.25
JOB-100322,Pump,Inspection,West,Mid,Routine,4.767,13.884,7.77,,38.631,1,8634.82
JOB-100323,Pump,Repair,East,Mid,Routine,7.922,12.648,14.826,4,21.857,,9502.22
JOB-100324,Heat Exchanger,Repair,North,Junior,Routine,6.511,6.046,47.88,3,28.499,0,9114.76
JOB-100325,Pump,Repair,East,Junior,Routine,4.524,6.488,32.365,5,31.269,1,8013.56
JOB-100326,,Repair,South,Junior,Routine,12.428,6.473,30.223,3,31.366,1,8207.06
JOB-100327,Motor,Preventive,East,Mid,Routine,6.486,9.78,15.894,3,33.573,4,8374.99
JOB-100328,Motor,,North,Junior,Priority,16.616,8.557,17.958,1,34.725,2,7786.1
JOB-100329,Valve,Preventive,South,Senior,Priority,8.551,8.318,,4,33.257,1,6809.35
JOB-100330,Valve,Preventive,South,Senior,Routine,13.651,3.905,16.798,2,34.024,1,4663.39
JOB-100331,Valve,Overhaul,East,Mid,Routine,14.659,3.339,21.902,2,30.303,1,7782.79
JOB-100332,Pump,Repair,South,Junior,Routine,5.038,9.397,29.465,,24.355,3,7391.03
JOB-100333,Pump,Inspection,North,Senior,Emergency,5.15,1.534,13.894,1,25.961,2,5892.71
JOB-100334,Compressor,Preventive,South,Mid,Emergency,2.58,3.515,12.847,3,39.237,3,7916.51
JOB-100335,Pump,Preventive,South,Senior,Priority,11.599,3.224,18.463,4,24.289,,6094.74
JOB-100336,Pump,Repair,North,Mid,Emergency,1.799,10.932,,4,27.788,0,10563.79
JOB-100337,Compressor,Inspection,East,Mid,Priority,7.303,8.148,20.663,4,38.308,3,8243.75
JOB-100338,Valve,Inspection,South,Mid,Routine,7.042,6.99,26.188,2,28.916,,5934.17
JOB-100339,Valve,Inspection,West,Mid,Priority,7.835,8.697,32.827,1,26.483,1,6650.81
JOB-100340,Compressor,Preventive,South,Mid,Emergency,4.25,5.46,19.762,2,,5,8214.87
JOB-100341,Pump,Inspection,West,Senior,Priority,15.207,8.225,18.95,5,24.827,0,8999.32
JOB-100342,Compressor,,,Senior,Routine,2.624,14.289,20.337,5,29.417,2,12125.34
JOB-100343,Valve,Preventive,West,Junior,Routine,6.781,2.897,34.255,5,,1,6389.31
JOB-100344,Motor,Preventive,South,Junior,Routine,6.075,2.711,14.492,5,41.026,0,5544.85
JOB-100345,Motor,Preventive,North,Mid,Routine,17.137,3.541,16.025,5,27.944,3,6728.55
JOB-100346,Heat Exchanger,Overhaul,South,Mid,Priority,6.688,4.016,27.818,4,28.296,1,10147.14
JOB-100347,Compressor,Preventive,East,Junior,Routine,,4.839,,3,37.37,1,7572.11
JOB-100348,Compressor,Repair,,Mid,Priority,2.292,7.861,7.006,4,22.843,2,9584.41
JOB-100349,Valve,Inspection,West,Junior,Priority,9.529,5.786,8.639,,31.602,1,5516.91
JOB-100350,Motor,Preventive,South,Senior,Priority,5.753,1.539,19.031,1,30.712,1,3710.58
JOB-100351,Motor,Repair,,Mid,Routine,4.851,4.38,11.344,2,29.669,1,6307.46
JOB-100352,Pump,Repair,West,Mid,Routine,3.467,3.075,,,24.918,1,7029.13
JOB-100353,Compressor,Preventive,East,Mid,Routine,15.994,10.029,17.385,4,33.001,0,9335.8
JOB-100354,,Repair,South,Junior,Priority,6.905,,64.761,4,36.695,0,8033.41
JOB-100355,Pump,Inspection,West,Senior,Priority,12.649,,14.135,0,,4,5494.38
JOB-100356,Pump,Inspection,West,Junior,Routine,2.895,4.862,20.254,4,29.799,3,6775.9
JOB-100357,Compressor,Inspection,East,Senior,Routine,5.078,0.88,32.965,3,20.394,0,5244.99
JOB-100358,Pump,Preventive,South,Mid,Priority,4.313,5.817,23.488,1,28.656,,6343.18
JOB-100359,Motor,,,Mid,Routine,7.241,9.905,9.441,2,29.593,0,7219.81
JOB-100360,Valve,Overhaul,West,Senior,Routine,3.029,12.919,,2,31.312,1,11811.43
JOB-100361,Pump,Repair,North,Mid,Routine,10.566,1.545,13.718,2,34.121,1,5044.89
JOB-100362,Valve,Repair,West,Mid,Priority,23.716,2.637,9.572,5,27.34,1,8895.65
JOB-100363,Pump,Inspection,East,Junior,Routine,10.808,8.534,23.809,0,25.774,2,6199.95
JOB-100364,Heat Exchanger,Preventive,North,Junior,Priority,6.032,2.715,24.947,2,34.38,2,7197.33
JOB-100365,Valve,Repair,,Senior,Emergency,18.295,5.393,38.149,1,17.629,2,9314.38
JOB-100366,,Repair,West,Junior,Routine,2.382,4.684,17.856,2,31.016,3,5606.2
JOB-100367,Heat Exchanger,Inspection,East,Junior,Routine,7.189,2.402,34.228,1,24.444,1,4623.31
JOB-100368,Compressor,Preventive,South,Mid,Routine,10.674,13.913,6.165,6,32.802,0,11355.45
JOB-100369,Pump,,West,Mid,Routine,16.15,8.428,18.858,3,30.01,0,9062.57
JOB-100370,Pump,Repair,,Mid,Priority,,8.737,,5,30.742,3,9081.46
JOB-100371,Motor,Inspection,South,Mid,Priority,4.741,6.285,41.769,3,20.481,1,5143.6
JOB-100372,Pump,Repair,West,Junior,Priority,6.487,6.246,12.956,1,31.014,0,9011.61
JOB-100373,Pump,Repair,West,Mid,Routine,16.123,1.742,75.629,1,39.381,1,8167.5
JOB-100374,Pump,Repair,West,Mid,Priority,15.997,5.475,91.968,1,32.461,1,8907.51
JOB-100375,Pump,Repair,West,Mid,Priority,3.056,8.252,12.489,1,26.806,2,8362.83
JOB-100376,Motor,Inspection,South,Senior,Routine,25.0,3.196,26.305,3,22.254,4,6318.95
JOB-100377,Valve,Preventive,South,Mid,Priority,7.309,1.363,29.827,2,24.65,1,4904.71
JOB-100378,Compressor,Preventive,North,Senior,Priority,16.814,2.934,11.631,1,37.34,1,6820.43
JOB-100379,Motor,Preventive,West,Junior,Priority,9.758,3.236,19.822,3,25.983,1,6723.95
JOB-100380,Motor,Inspection,North,Senior,Routine,9.194,4.396,27.773,4,40.255,2,7781.15
JOB-100381,Motor,Inspection,North,Junior,Priority,12.161,3.904,19.104,2,26.3,0,5855.07
JOB-100382,Pump,Repair,North,Mid,Routine,1.786,5.544,19.487,0,26.14,1,5701.63
JOB-100383,Heat Exchanger,Preventive,South,Junior,Routine,5.045,8.666,16.655,4,,1,7890.87
JOB-100384,Valve,Repair,North,Mid,,7.714,4.663,20.373,0,28.194,1,5412.54
JOB-100385,Pump,Inspection,East,Junior,Emergency,17.111,7.493,8.292,4,23.29,1,10071.52
JOB-100386,Motor,Repair,,Mid,Priority,11.141,1.325,14.177,1,27.212,0,5616.11
JOB-100387,Motor,Overhaul,South,Senior,Routine,2.695,,,2,37.468,0,11841.51
JOB-100388,Heat Exchanger,Overhaul,North,Mid,Routine,4.414,6.29,12.516,0,,2,8279.96
JOB-100389,Compressor,Preventive,West,Junior,Routine,18.122,4.887,,0,25.852,1,6041.89
JOB-100390,Compressor,Preventive,East,Senior,Routine,16.244,1.1,7.44,1,25.518,1,5349.69
JOB-100391,Motor,Overhaul,East,Mid,Routine,4.837,5.644,35.634,3,,1,8427.98
JOB-100392,Pump,,South,Mid,Routine,17.808,3.823,11.369,1,35.967,0,6629.44
JOB-100393,Valve,Repair,North,Senior,Priority,3.836,7.431,19.893,3,35.17,0,7455.55
JOB-100394,Valve,Repair,South,Senior,Routine,9.243,6.087,17.426,1,22.957,2,6822.3
JOB-100395,Compressor,Inspection,East,Mid,Routine,,2.902,42.937,2,21.087,2,4977.08
JOB-100396,Valve,Overhaul,West,Junior,Emergency,7.712,6.732,9.761,1,19.841,2,9178.3
JOB-100397,Motor,,South,Junior,Priority,12.223,,36.029,2,34.908,2,7250.24
JOB-100398,Valve,Preventive,West,Mid,Routine,19.235,6.172,23.585,3,26.226,5,7457.11
JOB-100399,Compressor,Repair,North,Mid,Priority,13.23,8.831,12.991,3,35.67,2,11098.76
JOB-100400,Valve,Repair,West,Junior,Routine,7.172,8.301,17.656,,10.992,1,7711.43
JOB-100401,Motor,Inspection,East,Junior,Priority,11.311,5.538,,1,34.811,2,5294.24
JOB-100402,Pump,Repair,South,Mid,Routine,5.257,1.333,29.305,4,,4,6883.92
JOB-100403,Motor,Repair,West,Mid,Routine,12.837,5.955,8.52,4,30.782,3,7900.26
JOB-100404,Compressor,Inspection,South,Junior,Routine,5.701,4.982,33.035,4,41.701,1,6917.45
JOB-100405,Motor,Preventive,East,Junior,Routine,10.267,8.538,3.83,3,28.825,2,5541.48
JOB-100406,Pump,Inspection,North,Mid,Routine,14.503,2.377,32.105,2,39.447,0,5226.09
JOB-100407,Pump,Repair,South,Mid,Routine,5.262,1.409,12.569,2,29.33,1,5439.78
JOB-100408,Motor,Inspection,North,Senior,Routine,4.399,7.353,22.705,1,41.785,0,4173.37
JOB-100409,Valve,Preventive,North,Mid,Priority,9.735,2.2,8.902,4,32.162,0,6419.14
JOB-100410,Motor,Inspection,South,Mid,Priority,2.264,3.518,14.302,4,33.219,0,5120.73
JOB-100411,Pump,Inspection,South,Mid,Routine,13.486,2.753,18.348,4,28.28,3,6566.91
JOB-100412,Heat Exchanger,Repair,South,Mid,Routine,7.163,3.169,9.346,2,38.999,2,5549.28
JOB-100413,Motor,Preventive,South,Junior,Routine,8.963,5.276,41.175,3,27.998,1,4412.69
JOB-100414,Motor,Inspection,South,Junior,Routine,5.425,5.36,10.982,2,29.887,1,4459.3
JOB-100415,Pump,Preventive,North,Junior,Priority,12.834,2.244,26.558,2,32.966,3,5906.38
JOB-100416,Valve,Preventive,West,Junior,Routine,14.202,,16.937,3,26.655,0,5635.91
JOB-100417,Pump,Inspection,North,Mid,Routine,9.564,1.911,19.502,3,35.435,3,5397.78
JOB-100418,Pump,Inspection,South,Mid,Routine,17.182,2.609,50.827,2,16.763,1,4894.06
JOB-100419,Pump,Repair,,Mid,Routine,15.821,1.443,13.44,1,32.607,0,6233.26
JOB-100420,,Preventive,South,Junior,Routine,8.05,2.122,23.352,2,40.737,1,4656.75
JOB-100421,Pump,Preventive,North,Senior,,7.428,4.208,31.652,2,22.554,3,6693.55
JOB-100422,Pump,Repair,South,Mid,,7.565,3.029,27.882,2,34.686,2,5081.16
JOB-100423,Motor,Preventive,West,Junior,Emergency,2.027,3.147,15.782,2,26.853,1,6504.52
JOB-100424,Motor,,South,Senior,Routine,,5.752,9.418,2,22.419,1,6971.82
JOB-100425,Compressor,Preventive,South,Junior,Routine,,3.827,81.928,0,23.936,2,4958.15
JOB-100426,Pump,Repair,West,Junior,Priority,6.363,3.798,5.27,3,30.934,0,8522.05
JOB-100427,Pump,Inspection,East,Junior,Priority,6.46,10.053,29.19,1,33.847,0,6692.5
JOB-100428,Motor,Repair,South,Senior,Emergency,1.207,7.429,14.326,1,42.268,2,8692.52
JOB-100429,Pump,Preventive,West,Senior,Priority,11.938,3.189,20.922,4,24.032,0,7523.25
JOB-100430,Motor,Overhaul,East,Junior,Priority,11.792,15.071,44.633,5,26.591,1,12769.1
JOB-100431,Valve,Repair,West,Senior,Routine,4.185,2.17,16.189,3,34.261,1,6590.58
JOB-100432,,Repair,,,Routine,1.523,4.03,15.576,3,26.957,4,6203.83
JOB-100433,Motor,Inspection,North,Senior,Routine,9.736,4.725,17.887,0,28.818,1,5255.19
JOB-100434,Valve,Repair,North,Mid,Routine,,7.005,17.594,4,33.967,2,8726.43
JOB-100435,Pump,Repair,North,Senior,Routine,3.615,8.783,14.156,0,29.63,1,6436.16
JOB-100436,Compressor,Preventive,South,Mid,Priority,11.729,4.091,18.779,0,31.645,0,6208.77
JOB-100437,Valve,Preventive,South,Junior,Priority,6.291,5.529,6.725,3,29.403,1,5935.27
JOB-100438,Valve,Inspection,North,Senior,Routine,,13.746,61.127,5,36.843,0,7936.5
JOB-100439,Pump,Repair,South,Mid,Priority,,14.865,,4,36.314,1,9690.66
JOB-100440,Compressor,Inspection,South,Junior,Routine,19.982,3.86,41.129,3,26.119,3,6863.36
JOB-100441,Motor,Preventive,West,Mid,Priority,4.592,1.911,18.426,6,31.094,2,6810.97
JOB-100442,Pump,Repair,North,Mid,Routine,2.555,5.827,16.668,2,22.521,1,7172.61
JOB-100443,Valve,Repair,South,Senior,Emergency,4.775,,11.372,2,32.94,0,7578.94
JOB-100444,Pump,Inspection,South,Mid,Routine,15.397,12.703,21.796,0,34.584,2,6604.51
JOB-100445,Compressor,Overhaul,East,Senior,Routine,7.078,,71.788,2,37.0,1,12176.72
JOB-100446,Compressor,Preventive,West,Junior,Routine,12.11,7.446,142.725,2,29.364,1,8391.09
JOB-100447,Valve,Repair,East,Senior,Priority,3.242,1.567,8.467,3,18.764,2,6492.47
JOB-100448,Pump,Repair,West,Mid,Routine,6.887,4.74,9.484,5,,1,8175.88
JOB-100449,Motor,Preventive,East,Junior,Routine,2.298,1.735,,6,27.772,1,5870.49
JOB-100450,Motor,Overhaul,South,Junior,Routine,19.322,7.813,23.869,3,43.066,2,10747.29
JOB-100451,Motor,Inspection,East,Senior,Routine,4.855,9.298,10.285,5,46.279,1,7104.18
JOB-100452,Motor,Repair,West,Senior,Routine,6.225,5.874,47.398,1,35.317,3,7510.59
JOB-100453,Valve,Inspection,South,Junior,Priority,,5.671,,2,17.45,1,5523.77
JOB-100454,Valve,,West,Senior,Priority,1.912,10.841,14.934,2,28.363,2,9611.22
JOB-100455,Compressor,Preventive,South,,Routine,6.176,,13.631,1,,1,6363.43
JOB-100456,Pump,,,Junior,Routine,5.525,,45.21,4,39.463,1,7223.82
JOB-100457,Valve,Repair,East,Mid,Routine,4.541,3.953,13.106,4,25.963,1,5804.78
JOB-100458,Pump,Repair,,Junior,Routine,8.945,4.351,10.184,0,39.853,2,5465.97
JOB-100459,Motor,Repair,South,Mid,Routine,1.42,3.595,7.66,0,38.347,2,4107.27
JOB-100460,Valve,Inspection,North,Mid,Emergency,15.314,2.299,11.59,3,24.495,3,7232.1
JOB-100461,,Inspection,North,Senior,Routine,3.056,9.634,17.329,3,38.843,3,6492.12
JOB-100462,Pump,Inspection,East,Mid,Priority,9.096,5.19,10.196,3,34.657,1,6891.31
JOB-100463,Valve,Repair,West,Mid,Routine,,7.781,,2,23.648,1,7475.25
JOB-100464,Motor,Repair,West,Senior,Routine,7.316,,11.466,4,25.963,4,7993.31
JOB-100465,Compressor,Repair,North,Mid,Routine,7.222,,9.218,2,32.925,1,8076.58
JOB-100466,Pump,Repair,South,Junior,Priority,14.305,7.686,19.998,3,30.201,0,7948.07
JOB-100467,Motor,Preventive,,Junior,Routine,10.961,6.129,12.805,3,22.672,0,6162.91
JOB-100468,Pump,Inspection,East,Senior,Emergency,6.714,1.781,47.004,3,33.683,2,6855.34
JOB-100469,Pump,Preventive,North,Senior,Priority,25.0,1.439,18.729,4,32.264,2,7356.54
JOB-100470,Compressor,Repair,West,Mid,Routine,6.004,2.991,11.921,5,32.145,1,8447.22
JOB-100471,Valve,Preventive,South,Mid,Routine,1.211,3.224,11.868,6,34.213,1,6994.54
JOB-100472,Motor,Inspection,East,Junior,Routine,4.374,1.793,46.722,0,24.936,0,2475.06
JOB-100473,Valve,Repair,West,Mid,Routine,3.132,2.192,34.557,1,29.718,1,4245.23
JOB-100474,Valve,Overhaul,North,Junior,Priority,11.012,3.606,10.084,2,31.405,3,8903.88
JOB-100475,Motor,Preventive,North,Mid,Priority,5.356,6.567,25.11,2,38.36,2,6200.09
JOB-100476,Pump,Overhaul,South,Senior,Priority,3.204,6.39,16.945,0,24.993,0,8221.85
JOB-100477,Heat Exchanger,Overhaul,South,Junior,Routine,6.182,3.209,18.853,3,36.73,3,9570.01
JOB-100478,Valve,Inspection,North,Mid,Routine,,9.857,17.998,3,28.644,1,7388.02
JOB-100479,Compressor,Preventive,South,Junior,Routine,3.386,,28.052,5,32.525,1,7618.66
JOB-100480,Compressor,Overhaul,South,Mid,Routine,0.33,1.787,17.43,2,23.488,2,7117.44
JOB-100481,Heat Exchanger,Preventive,South,Mid,Routine,6.08,7.264,,4,30.133,0,8792.9
JOB-100482,Pump,Repair,North,Senior,Routine,2.542,4.782,11.362,3,29.033,2,7661.49
JOB-100483,Heat Exchanger,Inspection,East,Mid,Routine,4.642,4.376,20.962,2,26.098,2,5655.49
JOB-100484,Pump,Preventive,West,Senior,Routine,2.165,3.472,39.06,5,29.65,3,7088.92
JOB-100485,Pump,Inspection,North,Mid,Routine,14.744,5.646,7.54,6,29.429,4,6906.67
JOB-100486,Motor,Inspection,South,Senior,Routine,1.628,10.056,9.855,4,33.851,0,6547.69
JOB-100487,Motor,Repair,East,Mid,Priority,19.268,1.999,14.452,2,36.501,1,7218.28
JOB-100488,Heat Exchanger,Inspection,West,Mid,Routine,2.354,3.637,9.27,4,28.888,2,7171.72
JOB-100489,Motor,Repair,South,Junior,Routine,11.469,4.119,13.461,1,31.001,3,6361.17
JOB-100490,Pump,Repair,West,Senior,Priority,4.067,4.89,30.865,2,23.231,0,6282.29
JOB-100491,Motor,Repair,East,Junior,Emergency,16.435,5.881,102.562,2,36.062,0,9904.45
JOB-100492,Motor,Repair,East,Senior,Priority,14.436,1.589,10.847,2,32.007,2,6364.47
JOB-100493,Compressor,Overhaul,North,Senior,Routine,2.165,4.239,12.065,4,33.372,1,8615.12
JOB-100494,Compressor,Inspection,South,Mid,Routine,,3.63,8.283,2,32.85,2,4701.14
JOB-100495,Pump,Repair,West,,Routine,9.18,1.855,7.62,2,11.595,1,6532.22
JOB-100496,Motor,Repair,North,Senior,Routine,6.751,10.647,7.273,3,31.265,2,8629.58
JOB-100497,Pump,Repair,South,Mid,Routine,2.122,3.058,18.174,1,22.188,1,4530.0
JOB-100498,Pump,Overhaul,South,Mid,Priority,2.795,4.569,,1,37.826,2,8865.63
JOB-100499,Pump,Repair,North,Junior,Routine,3.952,6.557,12.981,4,19.943,1,6221.94
JOB-100500,Pump,Overhaul,,Senior,Priority,4.805,11.214,23.39,0,32.633,1,11433.56
JOB-100501,Pump,Preventive,West,Senior,Priority,11.796,2.254,,2,36.07,0,6246.49
JOB-100502,Pump,Repair,East,Mid,Emergency,8.362,2.777,20.484,5,27.548,3,9750.38
JOB-100503,Pump,Repair,West,Senior,Routine,11.378,3.916,9.081,2,33.495,1,6638.49
JOB-100504,,Preventive,East,Junior,Routine,10.512,2.092,25.281,0,36.14,1,3616.44
JOB-100505,Compressor,Repair,West,Mid,Routine,2.975,4.218,,3,,0,7865.83
JOB-100506,Heat Exchanger,,,Mid,Routine,10.683,4.198,38.692,,27.098,5,6383.52
JOB-100507,Compressor,Overhaul,South,Mid,Priority,8.783,3.398,5.056,7,34.244,2,12414.91
JOB-100508,Pump,Preventive,South,Mid,Routine,17.512,2.046,11.976,3,33.746,0,5449.54
JOB-100509,Pump,Preventive,West,Senior,Routine,5.391,4.072,18.236,3,32.228,0,5421.67
JOB-100510,Pump,Overhaul,North,Mid,Routine,12.459,2.608,10.674,4,18.504,0,8334.86
JOB-100511,Pump,Preventive,West,,Routine,14.438,2.047,14.867,3,17.463,3,6694.4
JOB-100512,Heat Exchanger,Repair,South,Mid,Emergency,10.457,8.205,9.935,1,42.525,3,11359.08
JOB-100513,Motor,Preventive,North,Mid,Priority,4.833,7.919,14.978,2,25.603,5,6195.88
JOB-100514,Valve,Preventive,South,Junior,Routine,10.573,1.821,49.405,4,29.568,4,6556.35
JOB-100515,Motor,Repair,South,Mid,Emergency,,3.618,30.664,2,23.455,0,8346.82
JOB-100516,Motor,Repair,East,Mid,Priority,3.021,10.155,52.548,2,27.006,1,8342.7
JOB-100517,Valve,Inspection,,Junior,Priority,2.776,3.98,4.601,3,23.097,1,6431.6
JOB-100518,Heat Exchanger,Overhaul,East,Senior,Priority,5.371,7.047,16.879,3,30.767,3,12584.19
JOB-100519,Pump,Overhaul,South,Junior,Priority,19.962,,,4,35.42,1,11646.03
JOB-100520,Pump,Repair,South,Mid,Routine,6.611,4.219,15.076,2,38.58,2,5599.78
JOB-100521,Valve,Repair,West,Mid,Priority,10.789,,20.719,5,26.034,5,9302.24
JOB-100522,Pump,Repair,North,Senior,Routine,8.451,1.364,6.754,1,30.712,2,4938.15
JOB-100523,Motor,Repair,West,Mid,Priority,3.573,5.083,37.552,4,32.632,2,7518.94
JOB-100524,Valve,Preventive,South,Junior,Routine,3.665,6.707,,2,30.427,,5465.36
JOB-100525,Motor,Repair,West,Junior,Routine,10.388,3.844,6.719,5,35.583,2,8137.67
JOB-100526,Heat Exchanger,Repair,North,Mid,Priority,7.31,12.057,25.927,3,30.733,0,10330.14
JOB-100527,Pump,Inspection,East,Senior,Priority,10.272,0.999,8.277,5,,1,6431.71
JOB-100528,Compressor,,West,Senior,Priority,2.352,2.893,16.296,1,34.441,1,6249.34
JOB-100529,Pump,Inspection,North,Mid,Priority,1.8,7.184,,1,20.974,0,4680.75
JOB-100530,Pump,Preventive,North,Mid,Routine,2.68,4.157,10.902,2,31.127,2,4112.87
JOB-100531,Compressor,Overhaul,West,Mid,Emergency,3.337,0.926,15.361,2,36.415,0,10427.34
JOB-100532,Compressor,Overhaul,East,Mid,Routine,15.749,12.458,33.956,3,37.313,2,14558.53
JOB-100533,Pump,Repair,North,Junior,Routine,1.695,2.33,12.268,1,24.783,6,5784.41
JOB-100534,Pump,Repair,South,Senior,Routine,15.504,6.87,,3,33.73,2,8945.0
JOB-100535,Compressor,,East,Mid,Emergency,8.255,3.312,63.699,5,41.209,1,9724.4
JOB-100536,Compressor,Inspection,South,Mid,Priority,21.321,7.887,33.98,0,33.656,1,7404.46
JOB-100537,Pump,Inspection,North,Junior,Emergency,13.001,9.176,9.573,1,32.456,1,6428.06
JOB-100538,Heat Exchanger,Repair,North,Senior,Emergency,2.591,4.458,54.576,1,32.229,1,9906.59
JOB-100539,Pump,Inspection,South,Senior,Routine,11.797,17.712,30.736,2,27.579,,8056.92
JOB-100540,Pump,Inspection,,Mid,Routine,4.463,4.392,9.432,4,42.31,3,5615.41
JOB-100541,Pump,Preventive,South,Mid,Routine,7.155,4.817,22.962,3,29.141,0,5674.81
JOB-100542,Heat Exchanger,Preventive,West,Mid,Emergency,2.604,4.285,26.216,4,29.713,0,9585.67
JOB-100543,Motor,Repair,West,Junior,Priority,7.974,4.39,23.582,4,,2,7644.45
JOB-100544,Valve,Repair,West,Mid,Routine,20.475,11.533,77.972,2,32.853,0,8310.0
JOB-100545,Motor,Overhaul,South,Senior,Routine,8.442,1.878,13.763,8,33.368,3,10234.82
JOB-100546,Pump,Preventive,East,Mid,,7.888,5.54,28.475,4,39.653,1,7800.02
JOB-100547,Motor,Overhaul,South,Mid,Routine,9.026,7.093,13.66,2,,1,7875.87
JOB-100548,Compressor,Preventive,,Mid,Priority,5.595,4.435,18.066,3,30.753,0,7976.48
JOB-100549,Motor,Repair,East,,,10.822,7.243,8.568,3,15.113,2,6904.64
JOB-100550,Compressor,Repair,North,Senior,Routine,16.667,4.537,30.745,3,28.229,,7895.77
JOB-100551,Motor,Preventive,East,Senior,Priority,3.404,3.564,28.547,2,,1,6494.2
JOB-100552,Heat Exchanger,Repair,South,Mid,Emergency,7.746,8.869,19.603,2,37.147,,10545.51
JOB-100553,Valve,Preventive,South,Mid,Routine,13.401,2.393,11.256,3,29.869,2,6338.39
JOB-100554,Motor,Inspection,South,Junior,Routine,2.018,9.962,,2,33.292,3,5160.0
JOB-100555,Valve,,East,Mid,Routine,7.064,6.298,10.705,3,33.724,1,7049.68
JOB-100556,Valve,Repair,West,Senior,Routine,16.186,1.092,37.6,3,29.341,0,6903.56
JOB-100557,Compressor,Repair,West,Senior,Priority,3.581,6.713,15.882,2,19.339,0,7275.96
JOB-100558,Pump,Repair,West,Junior,Priority,7.708,8.536,13.8,0,24.035,1,7271.22
JOB-100559,Compressor,Preventive,South,Mid,Routine,,4.454,15.599,4,,2,7323.95
JOB-100560,Compressor,Preventive,North,Senior,Routine,4.688,7.27,35.231,2,,0,6608.78
JOB-100561,Pump,Repair,West,Mid,Priority,15.71,2.645,6.827,3,29.148,3,8610.37
JOB-100562,Motor,,West,Junior,Routine,6.383,20.0,10.192,4,41.889,4,13376.84
JOB-100563,Pump,Preventive,East,Mid,Routine,2.109,13.133,9.745,2,24.08,1,7426.6
JOB-100564,Motor,Repair,East,Junior,Routine,4.029,1.436,19.593,1,31.399,1,3934.21
JOB-100565,Pump,Preventive,East,Mid,Routine,7.408,,23.494,1,32.89,0,4882.74
JOB-100566,,Inspection,South,Mid,Priority,10.868,3.999,35.656,4,29.985,2,6549.82
JOB-100567,Motor,Overhaul,West,Mid,Priority,4.259,3.694,57.789,1,,0,8857.05
JOB-100568,Motor,,South,Mid,Routine,1.895,1.091,25.101,2,28.02,0,3659.98
JOB-100569,Pump,Overhaul,North,Junior,Routine,11.622,5.629,24.062,4,29.396,2,11204.47
JOB-100570,Motor,Preventive,East,Mid,Routine,8.934,6.853,25.858,2,24.383,0,6553.4
JOB-100571,Heat Exchanger,Inspection,West,Mid,Routine,3.421,4.116,19.48,2,39.4,0,4788.23
JOB-100572,Motor,Overhaul,West,Senior,Routine,12.8,4.477,18.104,,36.99,3,7869.57
JOB-100573,Compressor,Repair,West,Senior,Routine,8.455,3.661,9.619,3,28.724,6,6693.91
JOB-100574,,Inspection,North,,Routine,,8.512,37.051,2,26.619,2,6016.18
JOB-100575,Motor,,East,Mid,Routine,12.284,11.361,12.264,2,27.648,0,7200.74
JOB-100576,Heat Exchanger,Preventive,South,Junior,Routine,14.057,4.456,18.618,,21.093,1,6739.71
JOB-100577,Compressor,Repair,West,Senior,Priority,9.552,6.482,,4,30.019,2,10290.32
JOB-100578,Pump,Overhaul,West,Mid,Routine,17.151,,7.819,1,,0,8132.95
JOB-100579,Motor,Inspection,South,Junior,Priority,10.555,7.345,11.6,3,27.895,1,6011.34
JOB-100580,Motor,Repair,,Senior,Priority,1.443,8.258,16.064,,29.442,1,7897.11
JOB-100581,Heat Exchanger,Overhaul,North,Mid,Routine,8.109,4.026,32.565,2,21.887,1,9839.77
JOB-100582,Motor,Overhaul,East,Junior,Priority,10.36,2.219,31.428,4,39.369,1,9738.5
JOB-100583,Pump,Overhaul,North,Mid,Priority,7.694,6.789,22.702,3,20.76,1,10163.19
JOB-100584,,Repair,South,Junior,Routine,7.624,3.379,12.915,3,33.726,1,5749.12
JOB-100585,Motor,Overhaul,East,Junior,Routine,3.598,6.647,21.253,2,26.573,1,9612.54
JOB-100586,Compressor,Inspection,North,Junior,Routine,12.411,13.112,6.597,3,33.299,1,8328.52
JOB-100587,Compressor,Inspection,East,Junior,Priority,9.77,5.425,,1,29.668,0,6079.45
JOB-100588,Pump,Preventive,East,Mid,Priority,7.657,3.084,6.852,6,28.531,2,7963.14
JOB-100589,Motor,Repair,North,Mid,Priority,10.03,6.617,37.085,2,34.065,1,9583.45
JOB-100590,Valve,Overhaul,North,Junior,Routine,12.107,9.797,11.606,3,25.291,0,10519.96
JOB-100591,Motor,Repair,South,Mid,Routine,9.414,7.298,34.081,2,12.64,1,6397.72
JOB-100592,Pump,Repair,West,Senior,Routine,5.611,6.257,9.733,1,26.798,3,6836.6
JOB-100593,Valve,Repair,South,,,5.543,3.165,150.0,2,24.412,2,7702.77
JOB-100594,Motor,Inspection,West,Mid,Priority,11.058,15.15,19.132,2,33.588,1,7990.78
JOB-100595,Compressor,Preventive,South,Senior,Routine,,6.381,27.01,6,32.599,0,8098.19
JOB-100596,Pump,,West,Junior,Routine,4.627,,25.763,4,31.225,2,9324.54
JOB-100597,Valve,Inspection,South,Senior,Routine,12.308,9.423,,2,26.136,0,6277.58
JOB-100598,Motor,Repair,North,Mid,Routine,8.871,5.07,13.026,2,21.852,0,6269.43
JOB-100599,Pump,Preventive,South,Mid,Priority,3.902,2.182,25.393,2,27.638,0,5990.88
JOB-100600,,,South,Mid,Routine,8.164,6.019,44.241,2,,3,8787.21
JOB-100601,Pump,Repair,West,,Routine,8.67,1.916,8.997,1,27.74,3,6844.27
JOB-100602,,Overhaul,West,Mid,Routine,1.877,2.145,31.334,1,34.212,1,7368.97
JOB-100603,Valve,Repair,South,Junior,Routine,7.94,4.252,35.372,3,35.865,2,5313.18
JOB-100604,,Repair,North,Senior,Priority,7.879,6.17,14.685,4,38.1,0,7057.72
JOB-100605,Pump,Repair,West,Mid,Priority,25.0,1.71,18.07,2,30.679,1,6993.09
JOB-100606,Heat Exchanger,Inspection,South,Senior,Routine,22.293,10.271,19.399,1,30.099,2,7440.61
JOB-100607,Pump,Inspection,South,Senior,Routine,7.023,6.591,16.024,4,29.468,2,6767.86
JOB-100608,Compressor,Repair,West,Mid,Routine,3.454,3.215,34.238,3,25.768,1,7481.83
JOB-100609,Pump,Preventive,North,Mid,Routine,3.317,7.646,21.04,4,28.248,1,7131.12
JOB-100610,Valve,Preventive,South,Junior,Emergency,9.74,4.901,11.689,2,,2,7308.79
JOB-100611,Valve,Preventive,West,Mid,Priority,13.542,12.706,6.731,2,33.163,1,10777.2
JOB-100612,Pump,Inspection,East,Mid,Routine,9.034,4.283,,1,33.208,2,4965.96
JOB-100613,Valve,Repair,South,Mid,Routine,7.586,7.006,7.608,,33.286,2,7697.85
JOB-100614,Motor,Preventive,South,Mid,Routine,9.73,5.871,21.883,4,46.471,1,7061.69
JOB-100615,Compressor,Repair,South,Junior,Routine,1.833,9.888,,2,21.847,0,7240.93
JOB-100616,Compressor,Inspection,West,Senior,Routine,10.914,2.982,8.852,2,30.558,1,5026.52
JOB-100617,Motor,Repair,South,Senior,Priority,,4.755,25.131,5,23.129,1,8353.36
JOB-100618,Heat Exchanger,Preventive,West,Mid,Routine,,8.65,7.379,1,18.515,3,8833.47
JOB-100619,Pump,Overhaul,South,Junior,Routine,18.209,6.823,6.517,1,31.154,1,9163.05
JOB-100620,Motor,Inspection,,Senior,Priority,5.844,,50.402,2,35.045,1,10555.17
JOB-100621,Pump,Inspection,South,Mid,Priority,3.212,5.067,16.214,5,32.801,1,5384.07
JOB-100622,Compressor,Inspection,North,,Routine,2.1,4.203,26.295,1,34.594,3,5203.69
JOB-100623,Pump,Repair,South,Senior,Routine,6.775,3.551,29.514,4,25.927,3,6487.03
JOB-100624,Motor,Repair,West,Senior,Routine,8.889,13.754,,3,32.682,5,9545.97
JOB-100625,Compressor,Repair,West,Senior,Routine,7.739,6.188,30.027,1,27.36,3,7556.17
JOB-100626,Valve,Repair,North,Mid,Priority,1.008,5.927,50.382,5,28.481,3,8175.38
JOB-100627,Heat Exchanger,Inspection,North,,Priority,7.641,4.47,53.405,7,48.0,0,9277.82
JOB-100628,Compressor,Preventive,West,Senior,Priority,2.595,3.656,27.844,4,31.333,,6643.42
JOB-100629,Pump,Overhaul,West,Mid,Routine,5.292,7.203,9.118,5,34.142,3,10794.75
JOB-100630,Pump,,East,Senior,Routine,16.319,8.691,17.616,3,34.887,2,7826.96
JOB-100631,Valve,Overhaul,North,Senior,Emergency,5.576,4.378,30.933,2,22.526,1,10270.85
JOB-100632,Pump,Inspection,South,Mid,Routine,4.413,8.584,17.722,4,37.349,1,5596.32
JOB-100633,Valve,Overhaul,South,Mid,Routine,19.156,3.664,13.523,1,38.343,1,8397.39
JOB-100634,Motor,Preventive,West,Junior,Emergency,22.489,18.075,17.961,1,43.444,2,10991.88
JOB-100635,Motor,Inspection,South,Senior,Emergency,5.67,3.21,16.399,4,38.953,3,8286.76
JOB-100636,Pump,Preventive,North,Senior,Routine,8.698,8.989,4.456,4,36.219,1,7786.22
JOB-100637,Valve,Repair,East,Senior,Routine,,6.887,11.7,1,37.105,1,8146.45
JOB-100638,Motor,Inspection,North,Senior,Routine,,2.743,28.888,2,23.923,0,5010.49
JOB-100639,Valve,Repair,East,Senior,Routine,8.734,4.561,22.416,5,37.148,1,7138.25
JOB-100640,Valve,Inspection,South,Senior,Priority,,9.52,19.112,2,,1,6728.15
JOB-100641,Pump,Repair,West,Senior,Routine,,,10.671,1,31.698,0,7715.99
JOB-100642,Motor,Overhaul,North,Mid,Routine,3.844,2.805,33.706,2,33.826,1,7634.82
JOB-100643,Compressor,Inspection,South,Mid,Routine,9.677,3.636,12.472,5,30.961,1,5863.96
JOB-100644,Pump,Repair,West,Senior,Routine,19.646,10.241,69.991,5,28.645,1,11256.47
JOB-100645,Compressor,Preventive,North,Senior,Routine,9.635,2.332,28.15,1,,1,5636.71
JOB-100646,Pump,Preventive,North,Senior,Routine,,5.611,,6,37.761,2,7848.37
JOB-100647,Compressor,Overhaul,West,Mid,Routine,1.979,6.897,15.92,5,34.111,1,10692.05
JOB-100648,Heat Exchanger,Preventive,South,Senior,Routine,1.773,3.67,34.668,3,36.576,0,7390.87
JOB-100649,Valve,Preventive,North,Senior,Routine,4.609,1.554,16.266,3,25.667,2,5710.16
JOB-100650,Pump,Inspection,East,Mid,Routine,8.142,12.147,24.944,2,23.244,0,7366.24
JOB-100651,Pump,Repair,South,Junior,Routine,1.226,2.752,23.375,2,23.109,,5871.78
JOB-100652,Pump,Preventive,East,Mid,,4.423,7.175,19.966,0,26.975,3,7137.16
JOB-100653,Motor,Repair,South,Senior,Routine,7.325,3.265,31.215,5,42.218,1,7130.88
JOB-100654,Compressor,Repair,East,Mid,Routine,6.387,,25.937,0,28.427,2,6608.91
JOB-100655,Valve,Overhaul,West,Mid,Emergency,5.025,10.274,38.28,3,30.297,3,14481.75
JOB-100656,Valve,Repair,South,Mid,Routine,15.56,4.028,13.436,2,35.019,0,6096.01
JOB-100657,Compressor,Repair,,Mid,Routine,5.207,3.455,24.045,5,32.251,2,7290.0
JOB-100658,Motor,Repair,South,Junior,Routine,2.444,10.096,17.609,0,26.05,0,7747.32
JOB-100659,Compressor,Preventive,East,Senior,Routine,5.148,3.685,15.448,1,37.983,1,7049.62
JOB-100660,Compressor,Repair,East,Mid,Priority,7.466,,13.637,3,33.449,1,8933.35
JOB-100661,Pump,Repair,South,Mid,Emergency,2.105,1.493,31.569,3,33.475,3,9577.7
JOB-100662,Motor,Repair,West,Senior,Routine,9.185,8.255,33.147,2,35.628,4,8777.81
JOB-100663,Compressor,Inspection,South,Senior,Routine,5.041,1.792,15.857,2,25.898,3,4970.09
JOB-100664,Heat Exchanger,Inspection,West,Mid,Routine,3.738,0.997,26.227,1,27.685,1,4697.87
JOB-100665,Compressor,Inspection,North,Junior,Routine,8.4,3.061,,2,29.104,1,5874.36
JOB-100666,Valve,Repair,South,Senior,Routine,6.593,5.312,20.593,2,33.623,0,7751.39
JOB-100667,Motor,Overhaul,East,Senior,Priority,5.659,4.776,22.923,1,28.949,0,7475.11
JOB-100668,Valve,Repair,,Mid,Routine,1.933,2.152,81.447,3,22.404,2,7846.26
JOB-100669,Pump,Inspection,South,Senior,Priority,5.036,3.419,9.747,1,48.0,1,4783.14
JOB-100670,Motor,Overhaul,South,Mid,Routine,6.444,15.426,13.822,4,25.089,0,12379.92
JOB-100671,Compressor,Repair,West,Mid,Routine,6.6,,,3,18.841,1,7294.92
JOB-100672,Compressor,Repair,North,Senior,Routine,5.368,8.826,13.692,3,28.414,0,7935.88
JOB-100673,Compressor,Repair,West,,Routine,11.646,5.384,12.912,0,27.259,0,6730.73
JOB-100674,Valve,Preventive,North,Junior,,8.85,8.139,6.163,3,26.474,1,6035.15
JOB-100675,Valve,Preventive,East,Mid,Routine,11.544,8.445,,1,38.545,2,6225.81
JOB-100676,Motor,Repair,West,Junior,Priority,3.488,,42.417,3,32.116,3,9505.76
JOB-100677,Compressor,Preventive,North,Mid,Priority,,4.315,44.039,5,21.233,1,8303.37
JOB-100678,Compressor,Inspection,South,Mid,Priority,10.64,18.344,,0,28.15,1,11345.82
JOB-100679,Valve,Preventive,East,Mid,Emergency,4.785,12.236,6.603,2,25.936,,7309.45
JOB-100680,Pump,Repair,South,Senior,Priority,9.705,5.152,57.562,3,34.294,3,7793.07
JOB-100681,Pump,Repair,West,Junior,Routine,3.918,1.331,21.196,1,38.107,2,4525.0
JOB-100682,Valve,Repair,North,Senior,Emergency,2.473,,15.388,6,28.98,1,9126.24
JOB-100683,Valve,Inspection,West,Senior,Routine,6.788,6.855,19.459,5,34.36,3,7123.31
JOB-100684,Valve,Overhaul,East,Junior,Routine,13.306,7.207,21.547,4,28.916,1,10101.22
JOB-100685,Motor,Overhaul,South,Mid,Routine,15.818,4.172,12.865,3,28.65,2,9230.49
JOB-100686,Compressor,Inspection,West,Mid,Priority,11.71,5.33,25.522,3,28.554,2,7827.76
JOB-100687,Motor,Overhaul,South,Mid,,5.408,8.946,19.955,1,34.373,3,9985.73
JOB-100688,Valve,Repair,West,,Routine,5.899,3.846,5.381,0,37.87,2,3228.06
JOB-100689,Compressor,Repair,East,Senior,Routine,2.234,1.293,30.213,3,31.678,1,6776.39
JOB-100690,Compressor,Overhaul,West,Mid,Priority,1.017,8.533,24.688,3,46.265,0,10233.76
JOB-100691,Motor,Inspection,North,Junior,Priority,21.202,7.437,14.389,2,33.285,0,6963.53
JOB-100692,Heat Exchanger,Repair,South,Mid,Routine,4.508,,10.942,1,34.38,0,5572.42
JOB-100693,Pump,Preventive,North,Mid,Routine,8.511,7.847,29.19,1,30.119,1,4178.81
JOB-100694,Motor,Repair,North,,Emergency,10.144,8.357,,4,22.264,1,10342.11
JOB-100695,Pump,Overhaul,West,Junior,Routine,7.009,,59.778,2,29.545,1,9679.48
JOB-100696,Valve,Preventive,North,Mid,Routine,4.671,20.0,,1,27.737,3,11014.18
JOB-100697,Motor,Inspection,North,Senior,Emergency,17.031,4.436,25.524,2,26.493,4,7739.25
JOB-100698,Pump,Inspection,South,Mid,Routine,7.23,2.596,23.841,4,40.057,1,6618.45
JOB-100699,Compressor,Inspection,South,Senior,Routine,10.096,2.905,24.962,1,34.152,1,5607.2
JOB-100700,Motor,,East,Senior,Routine,11.855,2.155,14.85,,24.169,2,5427.15
JOB-100701,Compressor,Repair,West,,Routine,25.0,5.729,71.154,,21.615,2,9531.41
JOB-100702,Pump,Inspection,West,Senior,Priority,9.899,7.033,20.629,1,27.822,2,5443.31
JOB-100703,Valve,Overhaul,West,Senior,Routine,19.4,8.037,22.44,1,30.135,1,9172.7
JOB-100704,Pump,Repair,East,Mid,Routine,6.354,0.801,14.634,1,32.416,1,5006.7
JOB-100705,Pump,Repair,North,Mid,Emergency,1.857,2.809,59.104,4,43.042,4,10370.21
JOB-100706,Valve,,West,Mid,Routine,7.448,4.854,21.476,5,29.092,0,7429.88
JOB-100707,Motor,Inspection,West,Mid,Priority,7.694,4.591,9.911,6,26.712,4,7677.96
JOB-100708,Pump,Repair,West,Mid,Routine,5.119,7.624,17.523,2,38.35,2,7938.78
JOB-100709,Valve,Repair,East,Junior,Priority,7.278,3.738,28.161,3,28.523,1,6454.3
JOB-100710,Pump,Overhaul,West,Mid,Routine,10.562,9.684,18.447,1,26.127,2,10146.44
JOB-100711,Motor,Preventive,North,Mid,Routine,12.237,11.986,21.787,1,34.056,0,7340.19
JOB-100712,Compressor,Repair,West,Mid,Priority,18.517,4.487,25.533,3,33.541,3,10123.61
JOB-100713,Pump,Inspection,North,Mid,Routine,11.364,4.304,12.224,2,30.18,1,5223.27
JOB-100714,Motor,Repair,South,Junior,Routine,16.234,2.148,32.798,6,33.157,1,7368.25
JOB-100715,Heat Exchanger,Repair,West,Senior,Emergency,4.771,4.268,27.967,0,31.033,1,9117.96
JOB-100716,Pump,Preventive,West,Mid,Priority,1.43,2.461,11.819,1,25.855,4,4807.14
JOB-100717,Motor,Preventive,South,Mid,Routine,3.376,3.89,5.871,1,27.267,0,3325.37
JOB-100718,Compressor,Inspection,East,Senior,Routine,21.367,7.992,71.647,4,37.157,0,9179.23
JOB-100719,Motor,Repair,West,Mid,Routine,4.057,3.676,12.475,4,38.83,2,7226.82
JOB-100720,Motor,Inspection,West,Mid,Routine,3.637,4.945,11.92,,,2,3692.95
JOB-100721,Compressor,Repair,North,Mid,Routine,2.433,14.031,21.075,2,24.451,1,7853.53
JOB-100722,Compressor,Overhaul,West,Senior,Priority,4.124,10.045,6.127,1,26.915,1,11999.18
JOB-100723,,Repair,South,Junior,Priority,5.907,4.511,12.98,2,30.817,3,6643.05
JOB-100724,Compressor,Preventive,East,Mid,Routine,,8.123,5.832,1,31.801,3,5327.3
JOB-100725,Motor,Overhaul,East,Junior,Routine,5.421,2.15,7.61,0,23.734,0,6151.97
JOB-100726,Pump,Repair,East,Senior,Priority,2.771,8.827,13.26,2,31.684,0,7558.14
JOB-100727,Motor,,West,Mid,Routine,6.666,11.521,6.377,0,33.082,2,7381.93
JOB-100728,Compressor,Inspection,,Junior,Priority,3.651,6.715,,2,43.96,1,6496.59
JOB-100729,Motor,Inspection,,Senior,Routine,4.596,9.32,73.72,6,21.514,3,8763.13
JOB-100730,,,South,Senior,Priority,8.596,3.404,10.517,1,33.608,4,5294.7
JOB-100731,Heat Exchanger,Preventive,South,Junior,Routine,5.212,2.03,62.424,1,22.934,4,5064.88
JOB-100732,Motor,Repair,West,Mid,Routine,5.715,1.87,37.41,4,31.328,0,7070.41
JOB-100733,Motor,,North,Senior,Routine,7.316,7.556,18.958,1,30.074,1,4722.18
JOB-100734,Valve,Inspection,South,Mid,Priority,18.783,1.286,17.533,3,31.596,2,5669.25
JOB-100735,Motor,Repair,West,Senior,Emergency,,,,7,36.711,2,13459.33
JOB-100736,Compressor,Inspection,West,Junior,Routine,17.499,3.299,9.818,3,37.264,0,7016.44
JOB-100737,Valve,Preventive,,Mid,Priority,8.543,9.213,22.704,1,25.246,1,6489.96
JOB-100738,Heat Exchanger,Inspection,West,Mid,Routine,8.608,2.16,16.362,,26.981,0,5739.09
JOB-100739,Motor,Repair,South,Mid,Routine,6.977,2.994,26.245,2,36.789,3,6249.26
JOB-100740,Valve,Preventive,South,Mid,Routine,3.965,10.505,44.272,3,35.992,,6273.32
JOB-100741,Compressor,Repair,East,Senior,Priority,3.095,10.444,28.535,4,30.588,0,9284.76
JOB-100742,Heat Exchanger,Repair,North,Mid,Priority,4.84,6.7,17.805,3,34.412,1,8779.35
JOB-100743,Compressor,Inspection,East,Mid,Priority,5.472,10.682,,2,31.579,3,7927.54
JOB-100744,Motor,Inspection,East,Senior,Routine,3.162,13.901,13.861,1,25.654,3,6745.27
JOB-100745,Valve,Preventive,East,Mid,Routine,7.708,5.671,9.986,0,29.513,1,4193.18
JOB-100746,Pump,Repair,South,Senior,Routine,25.0,5.643,8.531,3,19.858,3,7250.62
JOB-100747,Motor,Preventive,South,Junior,Routine,10.293,4.244,22.89,3,21.753,1,5226.3
JOB-100748,Compressor,Inspection,South,Junior,Routine,2.648,3.604,52.118,3,29.399,2,6128.38
JOB-100749,Compressor,Repair,North,Junior,Routine,8.939,3.874,38.382,5,18.272,1,8910.91
JOB-100750,Motor,Overhaul,North,Senior,Priority,5.189,5.775,17.502,3,35.516,1,9392.3
JOB-100751,Compressor,Preventive,South,Mid,Routine,4.039,3.756,19.916,3,29.794,3,6204.71
JOB-100752,Motor,Inspection,East,Junior,Routine,11.447,2.62,17.365,1,29.832,2,3255.08
JOB-100753,Compressor,Preventive,West,,Routine,4.957,8.164,16.729,1,48.0,0,5757.45
JOB-100754,Compressor,Overhaul,South,Mid,Routine,10.758,2.143,,5,46.145,2,10055.46
JOB-100755,Compressor,Repair,East,Junior,Routine,,16.818,32.623,,26.657,1,12292.81
JOB-100756,Valve,Repair,South,Mid,Routine,10.314,11.109,16.412,4,26.546,2,8402.87
JOB-100757,Pump,Repair,East,Junior,Routine,4.683,11.341,44.443,2,24.261,0,8286.98
JOB-100758,Pump,Repair,South,,Routine,2.289,1.682,16.379,1,35.048,1,5023.1
JOB-100759,Valve,Preventive,South,Senior,Emergency,9.038,4.928,31.377,2,24.659,1,6518.44
JOB-100760,Heat Exchanger,Repair,North,Mid,Priority,4.116,8.187,6.243,2,20.68,2,8003.0
JOB-100761,Pump,Preventive,South,Mid,Routine,7.66,13.511,19.36,1,23.148,0,5775.33
JOB-100762,Pump,Preventive,East,Junior,Routine,11.869,2.098,5.24,1,23.193,2,4508.86
JOB-100763,Heat Exchanger,Preventive,South,Senior,Routine,4.072,1.906,3.987,3,41.06,3,6382.42
JOB-100764,Pump,Repair,East,Junior,Priority,7.237,7.446,47.573,2,30.353,0,7050.57
JOB-100765,Valve,Inspection,,Mid,Routine,8.262,4.274,14.458,2,39.418,0,4481.45
JOB-100766,Motor,Preventive,East,Senior,Routine,9.127,6.83,15.429,2,34.521,0,6225.71
JOB-100767,Pump,Preventive,West,Mid,Routine,12.686,5.261,15.387,5,,0,6391.32
JOB-100768,Compressor,Preventive,West,Mid,Priority,13.236,5.133,9.781,6,36.927,0,9261.62
JOB-100769,Motor,Inspection,South,Senior,Routine,4.405,8.36,16.209,3,37.915,3,7823.47
JOB-100770,Valve,Repair,North,,Emergency,16.105,5.678,28.793,3,36.212,2,9605.59
JOB-100771,Heat Exchanger,Repair,South,Junior,Routine,11.485,5.737,8.863,2,29.515,2,7792.17
JOB-100772,,Repair,West,Junior,Routine,3.009,5.117,18.798,1,30.619,,5989.05
JOB-100773,Pump,Repair,North,Mid,Priority,,3.248,18.803,0,30.133,0,5972.13
JOB-100774,Pump,Inspection,East,Junior,Routine,13.964,9.38,21.781,1,41.195,4,7423.74
JOB-100775,Compressor,Overhaul,South,Mid,Routine,11.459,3.882,16.642,2,28.465,1,10203.25
JOB-100776,Pump,Repair,West,Mid,Routine,,4.841,18.293,1,35.237,4,6841.67
JOB-100777,Pump,Preventive,East,Mid,Priority,6.081,2.068,10.431,4,28.865,1,7452.82
JOB-100778,Motor,Repair,East,Junior,Routine,5.823,3.036,27.295,3,27.671,4,6003.07
JOB-100779,Motor,Repair,East,Senior,Priority,9.152,4.314,11.315,3,29.269,0,7315.66
JOB-100780,Compressor,Repair,East,Mid,Routine,8.43,1.902,7.248,2,36.236,4,6830.61
JOB-100781,Valve,Repair,East,Senior,Routine,15.941,8.576,17.748,2,27.36,3,6305.67
JOB-100782,Motor,Repair,,Mid,Priority,3.638,1.36,33.081,3,32.455,0,7035.02
JOB-100783,Motor,Inspection,West,Senior,Routine,,4.829,25.573,1,32.282,1,5759.98
JOB-100784,Valve,Preventive,South,Junior,Routine,14.587,8.287,24.968,2,21.377,1,7499.5
JOB-100785,Valve,Preventive,West,Mid,,5.77,4.932,18.897,2,30.442,,5917.74
JOB-100786,Motor,Preventive,South,Junior,Routine,7.692,5.018,15.489,1,18.812,0,5107.8
JOB-100787,Motor,Inspection,West,Senior,Routine,10.609,,10.152,0,25.918,2,5200.99
JOB-100788,Heat Exchanger,Repair,North,Junior,Priority,11.933,19.556,18.498,3,27.702,1,12712.33
JOB-100789,Compressor,,North,Senior,Priority,16.867,2.755,8.485,2,37.958,2,8278.52
JOB-100790,Compressor,Preventive,North,Junior,Priority,10.197,12.8,52.256,4,34.274,1,9812.14
JOB-100791,,Preventive,North,Mid,Routine,11.771,3.736,4.221,2,29.942,0,3598.57
JOB-100792,Pump,Inspection,South,Mid,Routine,8.035,10.296,8.391,5,35.622,1,9537.89
JOB-100793,Compressor,Inspection,,Junior,Emergency,17.352,7.281,20.938,1,18.716,2,8412.06
JOB-100794,Motor,,West,Junior,Routine,2.72,8.359,12.624,2,20.093,2,5832.25
JOB-100795,Compressor,Inspection,West,Mid,Priority,,2.413,11.839,1,15.772,2,4816.14
JOB-100796,Pump,Preventive,South,Junior,Routine,5.181,7.351,35.358,5,30.183,1,6825.03
JOB-100797,Compressor,Repair,North,Junior,Routine,3.065,9.468,6.233,0,31.432,1,6408.61
JOB-100798,Valve,Inspection,East,Mid,Emergency,0.416,3.705,,2,35.771,2,6841.43
JOB-100799,Motor,Preventive,South,Senior,,7.646,11.837,17.859,3,29.57,2,8299.51
JOB-100800,Motor,Overhaul,North,Junior,Routine,14.305,12.646,16.646,3,33.72,3,11178.47
JOB-100801,,Repair,East,Junior,Routine,8.769,11.608,18.488,3,40.12,0,7576.05
JOB-100802,Motor,Overhaul,West,Junior,Priority,8.475,7.408,21.178,4,29.351,1,10706.67
JOB-100803,Valve,Repair,North,Senior,Emergency,25.0,6.134,22.578,1,23.52,0,8942.84
JOB-100804,Valve,Repair,South,,Priority,7.263,10.701,21.542,1,27.848,0,9687.31
JOB-100805,Pump,Repair,West,Junior,Priority,6.737,8.289,4.297,3,28.058,5,9961.85
JOB-100806,Compressor,Inspection,South,Mid,Priority,1.536,2.457,27.523,0,37.838,1,3986.88
JOB-100807,Motor,Inspection,North,Senior,Routine,14.708,2.706,23.224,4,28.642,1,6911.87
JOB-100808,Valve,Repair,South,Junior,Emergency,10.952,10.77,24.183,4,40.625,2,12766.71
JOB-100809,Pump,,South,Junior,Routine,9.423,7.026,68.839,2,25.269,1,5935.79
JOB-100810,Pump,Repair,East,Mid,Emergency,4.474,6.314,54.078,5,18.389,2,10694.15
JOB-100811,Heat Exchanger,Repair,,Junior,Routine,12.673,8.186,19.201,4,23.132,0,10140.49
JOB-100812,Pump,Repair,North,Mid,Routine,3.915,3.321,13.747,5,19.164,0,6602.54
JOB-100813,Pump,Repair,West,Junior,Routine,6.156,6.821,16.09,1,30.856,0,5483.0
JOB-100814,Valve,Inspection,West,Mid,Priority,7.461,2.806,21.104,3,34.042,5,6620.72
JOB-100815,Valve,Preventive,North,Junior,Routine,5.646,7.007,31.81,0,40.966,1,3864.09
JOB-100816,Compressor,Repair,East,Mid,Routine,3.431,6.725,26.294,2,30.832,2,7363.92
JOB-100817,Motor,Repair,,Mid,Priority,11.943,,20.081,3,13.923,2,8657.37
JOB-100818,Compressor,Inspection,,Senior,Routine,4.403,5.814,,4,40.267,1,6719.51
JOB-100819,Motor,Repair,West,Junior,Routine,3.428,3.611,32.882,1,35.622,1,4908.02
JOB-100820,Pump,Repair,East,Mid,Priority,14.526,2.213,41.367,1,19.886,0,5967.57
JOB-100821,Pump,Repair,North,Mid,Routine,7.133,1.158,12.944,1,24.301,,5461.17
JOB-100822,Compressor,Preventive,North,Junior,Routine,4.484,7.271,45.398,2,25.065,2,6225.63
JOB-100823,Compressor,Inspection,East,Mid,Priority,8.628,16.155,11.15,3,,2,7208.88
JOB-100824,Heat Exchanger,Preventive,South,Mid,Emergency,10.905,2.396,10.117,2,25.207,1,7647.13
JOB-100825,Compressor,,North,Senior,Priority,14.994,5.316,27.359,3,38.997,2,8735.43
JOB-100826,Pump,Repair,South,Mid,Routine,2.848,9.558,18.648,3,39.371,0,7820.2
JOB-100827,Valve,Preventive,South,Mid,Priority,8.643,3.779,9.997,3,32.518,1,5576.42
JOB-100828,Pump,Repair,North,Senior,Priority,3.716,2.152,15.695,,25.83,5,8882.07
JOB-100829,Heat Exchanger,Repair,East,Junior,Routine,1.098,7.601,7.593,2,,2,8305.42
JOB-100830,Valve,Inspection,,Junior,Emergency,14.278,6.562,10.788,2,26.828,0,6791.01
JOB-100831,Heat Exchanger,Inspection,East,Senior,Priority,3.435,8.056,16.94,0,20.562,1,7019.33
JOB-100832,Compressor,Repair,East,Senior,Routine,8.11,9.772,7.269,1,25.946,0,7215.4
JOB-100833,Motor,,North,Junior,Routine,12.214,4.189,15.113,5,26.688,1,5932.14
JOB-100834,Heat Exchanger,Inspection,North,Mid,Routine,3.478,9.782,,3,33.47,3,8235.65
JOB-100835,Compressor,Inspection,South,Mid,Routine,2.422,5.547,102.976,2,26.238,,7532.32
JOB-100836,,Repair,,Junior,Routine,3.922,6.402,23.596,1,32.053,0,6077.84
JOB-100837,Valve,Preventive,South,Mid,Routine,3.616,,17.384,3,32.982,0,6339.14
JOB-100838,Heat Exchanger,Repair,South,Senior,Routine,6.004,7.401,27.913,1,23.423,0,6920.24
JOB-100839,Motor,Repair,South,Senior,Routine,5.268,5.27,13.927,1,26.321,3,6127.37
JOB-100840,Compressor,Overhaul,North,Mid,Routine,9.056,6.69,10.111,3,31.495,3,10368.31
JOB-100841,Valve,Repair,East,,Routine,5.109,5.168,8.542,,31.184,2,7128.01
JOB-100842,Motor,Repair,East,Mid,Routine,4.115,5.323,12.689,2,26.837,2,5969.87
JOB-100843,Valve,Overhaul,East,Senior,Emergency,3.112,7.2,23.374,1,39.212,1,11269.24
JOB-100844,Motor,Inspection,North,Mid,Priority,11.055,3.91,29.057,2,32.182,0,5484.72
JOB-100845,Compressor,Preventive,North,Mid,Routine,5.823,5.024,44.753,2,24.092,1,6831.36
JOB-100846,Compressor,Repair,West,Junior,Routine,,2.039,21.438,3,33.438,2,6701.89
JOB-100847,Compressor,Repair,North,Junior,Routine,13.181,3.644,18.647,3,29.707,2,7481.82
JOB-100848,Valve,Inspection,East,Senior,Emergency,14.772,9.596,13.294,4,36.609,1,8318.24
JOB-100849,Valve,Inspection,East,Mid,Routine,5.69,2.337,34.863,5,36.501,2,6872.67
JOB-100850,Motor,Repair,West,Senior,Routine,3.488,12.546,8.039,3,33.079,1,8943.45
JOB-100851,Motor,Repair,West,Mid,Routine,4.513,8.464,30.148,0,34.98,0,7171.21
JOB-100852,Heat Exchanger,Preventive,,Mid,Priority,6.01,1.705,63.366,2,36.046,3,8203.44
JOB-100853,Compressor,Repair,East,Mid,Emergency,,12.007,18.326,2,30.976,5,10007.11
JOB-100854,,Repair,West,Junior,Priority,6.31,12.87,18.698,5,20.406,4,10596.52
JOB-100855,Motor,Repair,South,Senior,Priority,4.414,3.252,22.465,2,32.264,1,6386.66
JOB-100856,Valve,Repair,North,Mid,Routine,8.338,2.587,18.681,2,38.369,1,4884.44
JOB-100857,Valve,Inspection,South,Mid,Routine,8.11,4.419,29.745,1,25.967,0,3659.62
JOB-100858,Heat Exchanger,Preventive,South,Mid,Routine,4.087,7.892,25.043,1,34.511,1,6717.09
JOB-100859,Compressor,,South,Mid,Routine,2.944,4.302,24.236,1,37.544,0,8983.94
JOB-100860,Motor,Repair,East,Junior,Routine,12.376,4.453,19.594,4,28.134,0,6625.51
JOB-100861,Pump,Repair,South,Junior,Routine,4.593,1.333,127.903,2,30.89,4,6940.53
JOB-100862,Heat Exchanger,Preventive,East,Senior,Priority,3.375,2.221,17.472,3,35.479,3,7333.78
JOB-100863,Pump,Repair,East,Mid,Routine,25.0,,22.901,1,28.922,1,7196.87
JOB-100864,Motor,Preventive,East,Senior,Priority,15.982,4.367,10.782,2,41.637,2,7889.08
JOB-100865,Pump,Inspection,South,Senior,Priority,,8.309,27.217,3,33.99,1,7769.51
JOB-100866,Motor,Inspection,East,Junior,Routine,4.965,5.364,14.886,5,31.162,1,6752.9
JOB-100867,Pump,Inspection,South,Mid,Routine,2.777,3.718,23.161,5,44.616,5,7652.59
JOB-100868,Compressor,Overhaul,,Senior,Routine,20.575,4.239,5.871,1,28.885,3,9420.16
JOB-100869,Valve,Repair,South,Junior,Emergency,2.715,4.848,28.183,3,35.232,5,9644.1
JOB-100870,Compressor,Preventive,South,Senior,Routine,7.523,1.647,48.986,3,27.589,1,6003.47
JOB-100871,Compressor,Overhaul,West,Senior,Priority,4.24,16.616,24.886,4,23.823,2,15068.95
JOB-100872,,Preventive,North,Junior,Priority,16.524,,18.01,0,25.871,1,5178.05
JOB-100873,Motor,Preventive,South,Senior,Priority,4.746,4.688,44.099,1,32.438,0,4591.55
JOB-100874,Motor,Repair,West,Mid,,4.747,14.434,,2,38.064,2,9860.04
JOB-100875,Motor,Preventive,South,,Routine,7.85,2.367,6.207,1,39.658,3,4386.09
JOB-100876,Motor,Preventive,North,Senior,Routine,4.429,3.203,,0,29.604,2,3649.3
JOB-100877,,Repair,West,Junior,Routine,9.52,4.981,12.355,5,25.407,1,8039.83
JOB-100878,Valve,Preventive,South,Mid,Routine,,6.17,43.034,3,35.101,0,5497.82
JOB-100879,Motor,Preventive,South,Mid,Priority,3.885,7.427,16.99,2,29.921,3,5638.21
JOB-100880,Heat Exchanger,Repair,West,Senior,Emergency,6.448,1.951,34.016,2,37.941,1,9031.3
JOB-100881,Motor,Overhaul,North,Senior,Priority,3.776,9.135,14.476,2,34.84,3,10358.92
JOB-100882,Pump,Overhaul,South,Senior,Priority,11.361,3.349,8.001,2,,2,9299.6
JOB-100883,Pump,Preventive,,Mid,Routine,1.952,5.776,10.263,2,31.91,1,4991.66
JOB-100884,Valve,Overhaul,West,Senior,Routine,6.138,6.172,17.112,2,26.94,2,9210.5
JOB-100885,Pump,Preventive,South,Mid,Priority,5.375,6.476,14.653,2,26.195,0,6227.75
JOB-100886,Valve,Preventive,South,Junior,Routine,16.893,4.097,4.194,1,26.093,0,5791.69
JOB-100887,Pump,Repair,North,Junior,Routine,10.985,0.783,27.858,0,24.4,2,5330.3
JOB-100888,Compressor,Repair,South,Junior,Routine,2.734,5.914,17.772,5,34.288,2,7183.36
JOB-100889,Heat Exchanger,Preventive,North,Mid,Routine,,2.908,7.19,0,36.427,2,5820.42
JOB-100890,Compressor,Preventive,South,Mid,Priority,7.254,7.246,10.773,4,34.538,1,7905.65
JOB-100891,Compressor,Repair,West,Mid,Emergency,13.287,14.235,31.376,2,30.671,1,15914.59
JOB-100892,Motor,Inspection,East,Senior,Routine,7.786,10.128,4.972,7,27.699,0,6893.82
JOB-100893,Heat Exchanger,Repair,North,Senior,Priority,0.341,5.463,31.897,3,34.327,1,8837.79
JOB-100894,Valve,Inspection,North,Senior,Routine,6.516,13.392,29.168,1,23.646,0,5640.54
JOB-100895,Compressor,Overhaul,South,Mid,Emergency,,2.894,,1,31.743,1,9301.72
JOB-100896,Valve,Inspection,East,Mid,Priority,10.152,6.838,,0,43.022,1,5964.65
JOB-100897,Heat Exchanger,Repair,South,Junior,Priority,10.676,2.237,48.727,5,27.637,1,8665.31
JOB-100898,Compressor,Preventive,East,Mid,Priority,9.096,7.34,17.492,2,20.656,0,7741.14
JOB-100899,Pump,Overhaul,,Senior,Routine,9.463,7.252,40.029,3,39.952,0,10448.73
JOB-100900,Valve,Preventive,North,Junior,Priority,5.181,6.543,23.036,1,27.477,2,6525.27
JOB-100901,Pump,Repair,South,Mid,Routine,19.892,,44.791,3,26.685,0,8518.4
JOB-100902,Valve,Inspection,West,Mid,Routine,5.401,10.967,10.802,1,34.539,0,6840.51
JOB-100903,Pump,Inspection,North,Senior,Priority,8.381,4.594,15.006,4,46.972,1,5905.27
JOB-100904,Pump,Preventive,South,Mid,Routine,1.23,1.712,15.598,2,33.854,1,5058.28
JOB-100905,Motor,Preventive,North,Mid,Priority,3.438,5.371,29.614,1,31.91,3,7212.47
JOB-100906,Heat Exchanger,Repair,West,Mid,Routine,6.862,5.456,23.501,2,33.615,0,8573.32
JOB-100907,Valve,Overhaul,West,Junior,Routine,4.03,2.443,,5,39.07,1,8625.0
JOB-100908,Motor,Repair,East,Junior,Routine,5.229,5.148,19.947,5,33.781,2,6559.27
JOB-100909,Compressor,Inspection,North,Senior,Routine,4.139,8.432,,7,22.767,3,10114.97
JOB-100910,Motor,Preventive,South,Junior,Priority,8.546,6.953,17.196,3,41.729,0,5971.33
JOB-100911,Valve,Overhaul,North,Mid,Routine,9.924,5.531,24.676,3,,,7929.55
JOB-100912,Heat Exchanger,Inspection,South,Senior,Routine,25.0,10.757,50.224,3,24.266,1,9664.72
JOB-100913,Compressor,Overhaul,South,Mid,Priority,11.817,4.501,,2,33.705,,10245.3
JOB-100914,Compressor,Inspection,,Senior,Routine,12.855,11.674,,,38.913,1,8248.58
JOB-100915,Pump,Inspection,East,Senior,Routine,10.558,2.846,20.291,3,28.214,1,5243.53
JOB-100916,Valve,Preventive,South,Junior,Priority,10.169,,17.811,3,29.153,0,6230.92
JOB-100917,Valve,Repair,East,Senior,Routine,1.349,4.569,28.917,1,31.45,1,6082.17
JOB-100918,Compressor,Repair,South,Mid,Routine,11.408,4.556,20.421,3,31.404,1,7153.87
JOB-100919,Valve,,North,Senior,Priority,,,18.856,2,38.008,1,7355.23
JOB-100920,Compressor,Repair,South,Mid,Routine,5.232,2.792,8.543,2,,0,6192.27
JOB-100921,Motor,Overhaul,East,Senior,Priority,14.263,2.896,22.448,4,23.279,0,10030.43
JOB-100922,Heat Exchanger,Inspection,West,Mid,Routine,25.0,2.67,27.703,4,,2,7714.2
JOB-100923,Pump,Repair,South,Junior,,3.568,8.29,17.01,1,26.242,0,8966.35
JOB-100924,Compressor,Repair,North,Mid,Routine,4.997,2.921,29.167,2,21.337,0,7133.47
JOB-100925,Motor,Inspection,East,Mid,Routine,15.928,6.328,34.634,1,37.149,0,4943.7
JOB-100926,Valve,Overhaul,North,Mid,Routine,5.493,7.594,9.628,,33.21,2,10702.41
JOB-100927,Valve,Repair,,Mid,Emergency,4.63,10.129,,4,24.485,3,10362.09
JOB-100928,Valve,Repair,West,Mid,Routine,2.034,6.296,9.287,3,,2,7193.7
JOB-100929,Compressor,,West,Junior,Routine,11.901,5.947,5.52,,14.61,0,8485.14
JOB-100930,Motor,Inspection,South,Mid,,7.066,3.482,7.5,2,33.071,2,6137.71
JOB-100931,Valve,Inspection,East,Senior,Routine,4.588,,17.721,,30.134,2,5089.38
JOB-100932,Pump,Repair,North,Mid,Routine,5.144,2.892,83.033,,39.592,2,7748.98
JOB-100933,Motor,Repair,North,Senior,Routine,9.712,5.005,12.994,5,36.626,1,8614.29
JOB-100934,Valve,Repair,West,Mid,Routine,5.107,5.919,54.982,2,25.671,2,8038.41
JOB-100935,Valve,Preventive,West,Mid,Priority,7.931,0.93,13.154,2,43.251,0,4516.09
JOB-100936,Pump,,West,Junior,Routine,6.023,5.167,16.699,5,41.071,4,10143.07
JOB-100937,Heat Exchanger,Inspection,South,Mid,Routine,12.354,5.84,29.287,,25.999,0,8142.85
JOB-100938,Pump,,South,Mid,Routine,6.898,2.595,83.939,3,23.311,2,6338.05
JOB-100939,Compressor,Repair,South,Senior,Priority,10.859,,20.05,6,,1,10659.32
JOB-100940,Motor,Repair,North,Mid,Routine,5.292,9.077,8.081,3,19.757,0,7834.54
JOB-100941,Valve,Overhaul,South,Junior,Priority,25.0,9.621,24.967,1,,1,11546.37
JOB-100942,Pump,Inspection,East,Mid,Priority,20.65,2.474,5.857,0,31.135,1,5368.4
JOB-100943,Valve,Preventive,South,Junior,Routine,0.3,7.55,18.213,4,33.703,0,7102.68
JOB-100944,Heat Exchanger,Preventive,North,Junior,Routine,19.788,5.134,11.896,1,38.178,3,7954.48
JOB-100945,Compressor,Repair,North,Senior,Routine,1.632,3.048,53.294,2,39.343,1,7036.34
JOB-100946,Valve,Inspection,South,Mid,Emergency,4.536,6.521,10.912,3,38.805,1,7143.71
JOB-100947,Valve,Repair,South,Mid,Priority,10.452,5.918,16.786,4,29.503,,9852.74
JOB-100948,Compressor,Preventive,East,Junior,Priority,,3.849,22.956,2,24.778,0,7537.58
JOB-100949,Pump,,East,Senior,Routine,20.477,3.573,14.724,3,31.832,1,7537.2
JOB-100950,Heat Exchanger,Repair,North,Junior,Routine,1.018,9.603,10.011,1,29.026,5,9102.01
JOB-100951,Motor,Repair,West,Junior,Routine,12.852,8.778,29.608,0,20.056,,7130.28
JOB-100952,Motor,Inspection,North,Senior,Priority,,4.741,,,29.946,2,6606.19
JOB-100953,Compressor,Inspection,East,Senior,Routine,3.968,15.139,15.194,1,19.833,1,7169.09
JOB-100954,Motor,Preventive,West,Junior,Routine,5.377,4.832,16.406,3,32.392,1,6025.52
JOB-100955,Heat Exchanger,Repair,North,Mid,Priority,1.88,4.323,31.63,3,45.077,1,9122.69
JOB-100956,Pump,Inspection,West,Senior,Routine,5.303,5.669,20.92,1,30.556,0,4770.99
JOB-100957,Pump,Inspection,West,Senior,Routine,11.454,,27.775,3,29.916,,6549.45
JOB-100958,Valve,,West,Junior,Routine,3.931,4.951,14.262,4,23.649,3,7683.85
JOB-100959,Pump,Preventive,West,Mid,Routine,9.073,6.788,15.994,4,31.074,3,7564.93
JOB-100960,Motor,Preventive,South,Mid,Routine,12.086,16.648,33.612,2,39.458,0,8190.85
JOB-100961,Pump,Overhaul,East,Mid,Priority,7.728,5.347,10.045,,31.355,1,9607.45
JOB-100962,Valve,Preventive,North,Mid,Routine,,4.079,17.148,5,37.711,4,7161.32
JOB-100963,Pump,Overhaul,South,Senior,Emergency,7.72,7.902,,2,20.463,2,11489.83
JOB-100964,Heat Exchanger,Overhaul,East,Junior,Emergency,11.33,1.572,,3,18.407,1,11204.68
JOB-100965,Compressor,Preventive,South,Mid,Routine,6.421,5.041,17.371,4,38.189,1,7619.11
JOB-100966,Valve,Preventive,South,Junior,Routine,2.638,1.22,49.728,1,32.196,2,2816.68
JOB-100967,Motor,Inspection,East,Mid,Routine,,4.299,8.692,2,34.682,0,4462.49
JOB-100968,Motor,Overhaul,North,Senior,Priority,11.17,,22.492,2,24.954,2,7963.26
JOB-100969,Motor,Repair,South,Junior,Routine,5.254,3.304,14.228,4,32.829,0,6174.0
JOB-100970,Compressor,Inspection,South,Mid,Emergency,5.007,11.79,10.23,4,23.065,3,8953.34
JOB-100971,Motor,Repair,East,Junior,Priority,4.434,8.901,39.138,1,39.469,0,8041.87
JOB-100972,Compressor,Preventive,West,Mid,Routine,10.506,9.746,27.464,1,40.037,3,7414.38
JOB-100973,Motor,Preventive,East,Junior,Routine,4.555,7.755,28.988,3,38.482,1,6441.85
JOB-100974,Pump,Preventive,South,Mid,Routine,11.411,2.827,31.115,1,23.25,2,5229.31
JOB-100975,Heat Exchanger,,West,Junior,Priority,5.326,3.908,43.262,3,35.268,2,8428.3
JOB-100976,Pump,Preventive,East,Mid,Priority,,4.14,22.471,3,34.909,0,6667.71
JOB-100977,Pump,Preventive,South,Mid,Routine,25.0,2.571,54.221,2,29.834,1,6809.3
JOB-100978,Valve,Repair,,Mid,Routine,4.425,6.101,74.432,1,30.158,1,6162.34
JOB-100979,Pump,Inspection,North,Mid,Routine,9.044,8.478,37.254,0,,,6105.18
JOB-100980,Valve,,North,Junior,Priority,4.822,6.981,36.677,1,39.625,2,7072.11
JOB-100981,,Preventive,South,Senior,Routine,5.049,7.234,,5,29.015,0,7821.67
JOB-100982,Heat Exchanger,Overhaul,West,Senior,Priority,2.201,6.281,17.962,2,22.366,0,10938.98
JOB-100983,Heat Exchanger,,South,Junior,Routine,,7.358,26.555,7,33.934,3,7422.87
JOB-100984,Valve,Preventive,,Mid,Routine,6.701,3.516,28.614,1,,3,5720.9
JOB-100985,Valve,,South,Junior,Priority,10.219,2.147,24.586,4,28.516,0,7402.34
JOB-100986,Heat Exchanger,Repair,South,Senior,Routine,,8.842,,1,35.627,2,8442.23
JOB-100987,Motor,Preventive,South,Senior,Routine,10.673,5.472,15.266,3,26.656,0,6196.54
JOB-100988,Pump,Repair,South,Mid,Routine,1.978,20.0,11.788,3,30.044,2,10691.11
JOB-100989,Compressor,Repair,West,Senior,Priority,6.031,5.272,12.162,1,34.576,4,7895.89
JOB-100990,Compressor,Inspection,East,Junior,Routine,,8.14,22.864,2,37.895,2,7504.94
JOB-100991,,Inspection,West,Junior,Routine,9.637,3.621,14.652,0,33.708,0,4715.0
JOB-100992,Valve,Inspection,South,Senior,Priority,3.153,6.688,27.079,1,34.062,0,5362.6
JOB-100993,,Repair,West,Mid,Priority,3.979,3.706,7.686,3,34.934,3,7218.76
JOB-100994,Pump,Overhaul,South,Mid,Routine,0.985,6.29,7.526,1,36.744,2,6380.75
JOB-100995,Pump,Repair,East,Junior,Routine,13.516,5.156,,0,26.887,1,6243.8
JOB-100996,Motor,Repair,East,Mid,Priority,1.148,5.246,35.534,5,29.218,2,8905.08
JOB-100997,Heat Exchanger,Preventive,West,Senior,Routine,0.854,7.641,26.25,4,31.531,0,7507.07
JOB-100998,,Inspection,East,Mid,Priority,13.504,5.074,33.718,6,28.31,1,8358.91
JOB-100999,Valve,Repair,East,Mid,Routine,4.161,5.219,18.568,1,34.147,2,6731.9
JOB-101000,Pump,Repair,West,Mid,Routine,0.951,1.727,8.54,5,,1,7260.06
