feature_1,feature_2,feature_3,feature_4,feature_5,target
0.63873,-2.95165,0.66854,1.67847,2.28836,1
1.49481,-2.98576,0.79489,4.99767,3.26711,1
-2.21294,0.38298,3.4216,3.61825,2.4911,0
1.23966,2.4024,1.19854,1.34162,2.34714,1
-1.56971,-1.89312,0.92628,3.30273,2.58427,0
0.11254,1.11325,1.38243,2.52554,4.2586,1
0.86756,2.26821,2.01171,3.89367,1.86999,1
-0.37621,-0.07567,0.0719,2.83255,1.22948,0
-0.49936,2.04846,1.44523,3.9253,2.13031,0
2.17498,0.42772,-1.49445,4.43597,1.85833,1
-2.12239,1.89875,0.87132,1.82102,2.22776,1
2.65869,2.01573,-1.56436,5.22628,2.74211,0
-0.47808,-1.72331,-0.32985,1.98484,1.27291,0
1.2994,3.33584,0.98119,0.53053,1.52293,1
-0.53532,3.42699,-0.42415,4.61353,1.81051,0
-0.89889,-1.71844,-3.42641,2.01484,0.43956,0
-1.52924,0.80264,-0.11001,1.59853,2.99793,1
1.99032,3.06952,0.12361,5.26818,2.43977,1
0.44213,0.16521,0.47036,3.1488,1.65487,0
-0.23725,0.26458,0.14238,5.94266,1.92787,0
-0.50171,2.53475,0.43416,3.836,1.53639,0
-2.9359,-0.20055,0.66951,3.43223,1.76238,0
2.04865,-0.82864,-2.59766,1.52625,2.17666,0
3.1318,-1.99885,2.08508,3.76604,-0.68235,0
-0.51488,-1.18974,-0.43486,2.25873,0.36272,0
1.27434,-2.10584,-2.24511,4.3021,2.87436,0
-0.42666,3.1231,-0.40412,4.2104,2.76739,0
3.25029,-1.42496,0.37834,2.53963,1.145,0
1.3919,-1.662,-2.61738,0.2294,1.56022,0
1.40286,3.11165,-1.39,2.92906,1.59228,0
2.98449,1.09154,-0.81084,0.29235,1.28098,0
-2.97022,2.04502,0.87786,1.79962,2.57425,1
0.4453,3.46831,1.5482,1.51441,1.92352,0
0.26448,-0.97165,-0.23355,5.0476,2.33332,0
-1.28079,-3.12682,0.51371,3.8646,2.2978,0
-1.55034,2.7262,0.35764,2.33418,1.97795,0
-1.77331,0.83233,0.19334,2.16823,1.82916,0
2.2929,-1.06943,1.17894,2.85127,0.84494,0
-0.62648,0.68967,1.44845,5.41116,2.0104,0
-2.52989,-1.8702,-0.6988,4.32371,2.71532,1
2.26965,1.26118,-0.03837,1.25889,3.937,0
-2.3295,3.16776,0.13078,1.31307,0.80565,1
-2.84625,-2.44649,0.60645,2.6951,1.08396,1
-2.87955,-0.7768,1.27775,4.06295,2.78924,1
1.48172,-0.7716,-1.13426,4.49921,2.42424,1
0.47668,1.03828,1.23553,5.69685,0.85172,0
0.80626,-1.11205,1.07923,4.49972,0.85129,1
-0.0243,-2.14798,0.79768,0.20277,0.56092,0
3.36224,-1.49584,-0.23428,1.42856,3.76162,0
-1.35953,-3.09222,-1.05583,1.83274,3.1663,0
-2.61327,-1.80517,-2.43364,2.73167,2.26979,0
-3.29082,1.87515,0.04038,1.76204,3.84396,1
-1.45753,-3.42967,1.22516,3.49082,2.47318,1
1.42827,2.20502,-0.38871,4.12061,1.90847,0
-0.06138,1.42573,-0.64814,1.62461,3.11412,0
2.57387,3.3912,0.90347,5.03367,1.71932,1
-2.88431,-2.08793,-0.60991,3.05807,1.38962,1
-2.47199,-2.70898,1.07973,0.53102,1.9709,0
-0.43128,-1.4258,-1.68893,4.90679,2.8252,0
-3.131,2.81945,-0.67273,0.14768,2.87318,0
-1.67828,-2.37845,-1.13695,3.52934,1.59116,0
2.09328,2.80819,-0.0877,0.44361,2.68949,1
-0.00261,2.43536,-1.72133,0.67701,1.05386,0
-0.79495,2.97821,-2.09085,3.06861,1.58273,0
1.55547,-0.75744,0.42417,3.25525,0.50889,0
2.44298,-2.0511,1.09788,0.01112,0.84529,0
-0.02779,2.13194,-1.23532,2.13609,2.84868,0
-2.46579,0.10706,0.39668,4.39694,1.82814,0
1.841,-2.27595,-1.09778,2.06807,0.98311,0
1.40813,-2.27342,0.7635,4.9015,1.96393,0
-1.04396,-2.55248,0.23853,5.99572,1.93693,1
-2.06959,-1.66266,-0.47873,2.27308,0.23776,0
-1.0966,-2.3462,-1.18121,5.69144,2.39158,0
2.51077,3.10522,-1.09938,0.37498,2.56611,1
3.19603,0.40529,2.00579,4.76829,1.65425,1
-1.43652,-0.30608,2.16638,4.00163,0.89047,1
3.3037,3.28754,0.4986,0.19913,0.15387,1
3.31249,0.9073,-0.28127,2.73451,0.71714,1
-2.63496,-2.79116,0.75916,4.46419,3.51225,1
2.33527,-2.07116,0.14525,4.22865,2.31238,1
3.15185,-3.15933,0.28507,0.75731,1.77115,0
1.12483,-1.96381,0.18803,4.38946,1.42468,0
2.47795,-2.71352,0.27215,5.36562,1.09119,1
-2.41531,3.45754,-1.7419,3.11881,3.11476,0
1.0203,-0.20904,0.56607,5.68833,0.89174,1
0.23542,1.67903,-2.93614,4.89272,3.49618,0
2.25279,-1.31315,1.33767,0.06979,1.97117,0
2.48015,2.46396,1.28657,5.4184,0.27092,0
-1.17703,-0.71862,2.44179,3.59586,3.19053,0
-0.87445,-0.32403,-0.86167,2.60726,1.78345,0
-1.31879,3.22494,-1.55945,3.20846,3.38134,0
-1.30659,3.23303,-0.63991,1.19716,2.583,0
-0.6671,3.11222,0.46561,3.26508,2.86782,0
3.22359,-1.90563,-3.71276,4.87298,1.76038,0
1.10846,1.92206,-0.89362,1.1055,2.59024,1
2.89855,0.39796,1.68792,4.08556,2.46735,1
-0.57168,3.16227,-1.34629,1.11067,1.54298,0
-0.8007,-0.62938,0.12183,3.37446,0.98649,0
-1.07464,1.25554,0.21334,1.64827,3.23985,1
1.33154,3.35856,0.40821,1.39121,1.67799,1
-3.13837,0.63327,0.96941,4.15586,0.86887,0
2.34386,-2.06396,-1.07119,2.72506,3.17433,0
1.76671,-1.4961,-1.86688,0.93515,3.05863,0
-0.33056,0.9873,-0.95821,3.93773,2.71598,1
-1.16451,-0.87924,-1.29567,2.98598,1.84227,0
0.14806,2.76401,-1.68299,5.9047,2.94066,1
0.27956,-1.29401,-1.29123,2.79689,1.48611,1
-2.37218,3.00974,1.6656,1.84211,2.64142,1
1.74023,3.30622,0.32879,0.3679,2.25933,1
2.61916,0.7178,0.29984,4.99713,1.47188,1
3.39364,3.10597,-1.42439,2.14538,2.09912,1
-2.74725,-3.36503,1.06647,0.77263,1.48455,1
1.39113,-1.13457,-1.41371,3.24505,2.01777,0
-2.99178,0.44497,-1.12949,2.88392,2.23253,0
-0.08573,1.66068,-2.36643,5.64388,2.12191,0
-0.40174,1.46776,-0.52115,1.81194,2.02677,1
-2.81004,-1.56666,-0.62265,2.02148,2.27531,0
-2.97043,0.48305,0.85635,0.81255,1.34807,1
-0.37006,-1.04911,-1.22343,5.1289,2.27702,0
-1.0162,-3.10365,1.68841,2.39406,3.01703,1
0.24283,3.44712,1.29058,5.65282,1.11376,0
-2.42666,-3.40075,-2.19207,5.00291,1.71732,1
-0.75231,2.54637,1.66058,0.27057,2.03081,0
-1.79843,0.69894,-1.34693,5.66239,0.86243,0
1.31768,2.66928,-0.18248,3.35026,1.72595,1
-0.0905,1.99706,0.37472,1.14391,2.35498,0
1.07048,0.99142,0.39461,4.67029,-0.36601,1
0.27103,-2.4705,0.93906,1.76566,2.35104,0
2.05652,-1.59286,-2.26516,1.05784,0.75499,0
3.18769,2.12786,-0.13003,4.88322,1.70832,0
0.17249,-1.04023,0.37575,3.53723,2.33284,0
-1.57569,2.42082,-0.58773,1.35588,1.62197,1
2.44558,3.15757,1.00034,4.11538,0.5746,1
1.92887,2.52672,2.27066,4.27114,0.43027,1
-0.27272,-3.27756,-0.41642,0.32641,1.16627,0
-0.77027,2.67854,0.13918,4.79648,2.82887,0
-2.34053,0.73081,0.39241,1.66089,1.80137,0
2.16864,-2.55499,1.09902,5.59689,1.22539,0
0.87149,0.88195,2.23214,1.84024,1.02815,1
-0.37744,-2.16596,1.31362,0.44702,3.99735,0
-3.04971,3.2876,-0.31806,0.20226,1.40965,0
-2.05344,-3.35004,-0.87592,3.40432,2.32653,0
-1.7349,-2.11244,-1.52337,2.76365,2.41497,0
-3.09895,-0.56058,-1.23817,5.83066,1.95483,1
0.5669,-3.25232,-1.38238,3.28525,0.604,0
-0.53779,2.63911,-3.5269,2.37137,3.51443,0
-0.60392,-0.03146,-0.35416,0.64376,2.82091,0
-3.2796,3.22209,0.85479,3.93872,1.03779,0
0.16127,0.14309,1.41556,2.79656,2.96477,0
-0.3303,2.16081,-2.29367,4.18976,1.16748,0
-0.81349,1.29435,-1.36351,4.67876,1.87747,0
0.78085,-2.55868,-2.25977,1.18643,1.72977,1
-0.69836,0.0585,-2.44234,0.05519,2.05962,0
-3.40948,2.01833,-1.63315,4.44745,3.36235,0
2.46077,2.93614,-0.58346,5.7035,1.69582,0
-1.02813,3.12381,-0.8122,4.27223,1.43556,0
3.04068,-0.36013,0.99186,4.81806,2.1952,1
-3.04683,-2.7835,0.93678,4.1041,-0.33817,1
1.80193,-0.56766,-0.48118,3.28331,1.08918,0
0.3518,2.91982,-1.98304,2.92802,2.08748,0
-0.84165,3.43815,0.40284,0.32027,2.15413,0
1.06401,-0.37301,1.26137,2.23889,3.46196,1
0.47757,3.35849,-0.28754,2.14249,0.387,0
-0.98387,1.89696,-0.13386,3.48533,2.49493,1
2.98509,1.88086,-1.49383,0.95446,2.91947,1
0.19281,-1.60564,-2.86017,2.409,3.21715,0
-1.81867,-2.96678,1.41245,2.02151,3.07987,1
2.95266,-2.25735,-1.80411,5.59705,1.44558,0
0.5147,1.35806,-0.90935,5.63162,1.20567,0
3.38699,2.06309,-0.71129,3.31047,0.95247,1
0.08164,-3.09759,0.30307,0.81284,0.57306,0
-0.92784,1.71237,0.61404,4.15112,0.93449,0
0.53861,-1.49356,-0.21349,2.76589,4.00289,0
0.76318,3.16507,-0.18171,0.07774,2.48239,1
2.8581,0.27661,1.27993,0.09073,1.80664,1
-3.43956,2.79747,-0.82102,5.36658,5.24921,0
2.0182,1.10166,-0.61022,5.12468,1.02842,0
-1.83002,2.83546,-0.81247,3.43832,0.50501,0
1.99521,2.07711,-1.9857,1.46463,1.18408,0
1.37932,0.1799,0.16168,4.65457,0.48447,1
1.05723,2.87969,-0.20578,2.69975,2.28319,1
1.09795,2.77874,-1.37174,4.254,0.08727,0
-1.31054,2.65578,-1.62131,0.44398,0.81764,0
-2.29515,-2.55321,-2.10438,5.05627,3.12228,1
-1.56553,2.5173,0.19185,2.82428,1.80295,0
2.75814,-3.08288,-2.39845,5.31128,1.43664,1
1.30856,2.85151,1.15034,4.70805,1.19729,0
-1.72264,-0.00191,1.90321,5.90493,1.54668,1
-1.79306,-2.43419,-1.10302,5.94484,1.02187,1
1.1121,-1.56589,1.89546,0.9523,3.28708,0
1.26648,2.86882,2.93745,1.94396,0.06635,0
3.28886,-3.26264,-1.11108,3.49208,3.87597,0
-1.10405,0.8833,-0.08502,0.25462,2.13892,1
-0.71143,-2.34991,1.20779,3.48096,2.05541,0
-2.19608,-0.35109,-1.50419,3.15332,1.39278,0
1.34099,0.10536,0.15186,1.72065,2.6489,1
1.77343,-0.98915,-1.4239,5.23181,2.14761,1
2.12042,-3.20318,-0.45086,4.67144,0.07099,1
1.3526,2.83453,-0.71365,4.79004,1.98841,1
-0.01162,-1.07639,-0.29485,5.00187,2.01979,0
1.45377,3.02709,2.53716,2.23825,0.61482,1
0.23756,2.19721,-1.0915,4.00031,2.30523,0
-2.23543,1.2952,-2.62087,5.59292,1.15426,0
1.89893,2.43015,0.83021,2.27705,1.9717,1
3.37195,2.69256,-0.83999,2.25477,1.20755,1
-0.84402,2.30975,1.61527,2.786,2.96398,0
0.29639,0.8178,-1.4033,1.42753,1.38083,0
0.32629,1.77215,1.82894,4.95799,2.10106,1
1.70534,2.17005,-0.45242,4.78203,1.09019,1
-2.56982,-2.11996,1.2372,4.40145,0.7684,1
-1.3209,-1.97208,1.44094,3.2888,2.73492,1
-1.83276,2.38386,-0.63202,1.37489,1.96641,0
0.27455,-0.27521,-0.49595,5.93699,1.98811,0
0.83127,-1.05118,-2.03784,2.20426,2.5488,1
-1.50362,-2.93927,1.47255,0.95467,3.21395,0
1.7469,-1.40566,0.8297,1.64839,3.41224,1
-3.28201,-0.94124,0.37003,2.55135,1.11956,1
0.22223,-3.14806,1.11045,2.16854,3.60198,0
3.06436,0.17012,-1.65634,3.35508,2.65386,0
-1.37126,2.43084,-1.43401,2.09609,-0.56317,0
0.1698,2.78223,1.11996,4.63846,2.60392,0
1.3688,0.36451,-0.96335,2.12947,1.03605,0
-1.32833,-0.4455,0.04376,2.91484,2.67973,0
2.96004,-2.06745,1.52128,0.72976,2.16426,0
0.35969,1.22065,-2.64223,4.5644,0.82989,0
-3.16559,-0.64274,0.36148,3.8025,1.63265,1
2.66722,3.46329,-0.34029,5.09156,3.08545,1
-1.43824,1.0373,0.71169,5.05702,3.33494,1
0.88175,-2.66708,-1.08357,5.99784,1.09028,1
1.16032,-1.98641,-1.00981,5.45379,1.62792,0
-1.33083,-1.16491,0.55225,2.53864,3.08667,1
1.79837,-3.09677,0.9688,4.49432,2.67682,0
1.83385,-1.20815,2.09409,3.39352,0.60005,1
1.42466,-2.7023,0.37753,0.99157,3.5072,1
-3.2235,1.45403,-0.37517,5.70264,2.1416,0
0.33706,2.74841,1.195,3.43715,1.78251,1
0.5097,0.42193,0.29444,1.16194,2.34828,0
-2.13525,2.51065,-0.39171,2.95753,0.6153,0
2.97715,-0.70979,0.14498,5.54541,1.24962,0
-0.99007,2.48082,-0.00332,4.6931,4.10195,0
-2.54266,1.05351,-1.3911,0.70254,2.96765,0
3.16954,-0.38363,-0.693,4.07777,1.88864,1
0.42052,-1.48676,0.5878,1.09883,2.91075,1
2.86514,-0.23007,-0.42392,0.41816,1.79418,1
2.33579,2.82507,-0.60922,0.80583,0.9966,0
1.17684,0.44634,0.70178,5.36396,1.92063,1
0.09073,1.21072,0.2086,4.06584,2.16889,0
1.20347,1.08282,-1.58039,1.53206,3.02613,0
0.892,2.13404,1.33542,5.88287,3.59401,1
2.79717,-3.25289,-1.23227,4.45948,1.25716,0
0.4365,3.48982,0.59089,4.04808,2.23092,0
0.26313,0.99263,-0.0254,1.98086,3.74812,0
0.4412,0.91897,-2.18483,4.90219,1.3168,0
0.91751,-3.20548,0.46448,2.53004,1.86557,0
0.43828,-3.46038,-2.65977,1.29795,0.91971,0
-2.28978,3.08111,-0.35399,2.72001,1.58132,0
1.8062,-3.43672,0.18853,4.51147,1.63117,0
-1.37784,0.45423,0.14943,5.42572,4.10933,1
-1.09447,3.28421,1.59158,0.38354,2.23072,0
2.06283,-1.73574,-0.12794,5.25335,1.0587,1
1.78913,-2.722,0.67444,0.37461,-0.17461,0
2.63223,-0.34024,0.69539,4.23304,0.66715,1
0.71201,-2.31462,0.5203,4.88564,1.65239,1
2.19596,-2.35996,0.64225,4.90838,1.41496,0
-1.84618,-1.94667,-1.80906,3.64119,0.71814,0
1.92228,-2.53075,0.17964,3.57798,1.6687,0
2.00044,-2.63324,-0.03993,5.17172,3.11387,0
-3.43513,-0.90058,2.02468,2.15664,2.40356,1
3.04352,0.1578,-1.75109,4.73288,1.80894,1
-0.75881,2.30579,-0.50481,2.8331,2.45992,0
0.50159,3.00272,-0.09194,5.69826,1.27987,0
-0.68651,1.3713,0.83068,5.1668,1.65191,0
-0.78623,-1.39899,1.89074,3.63212,1.38481,0
2.62323,-0.24424,-0.88477,4.27503,1.43511,1
1.97448,0.1839,-0.5899,0.10477,1.87281,0
-1.53281,-2.04778,-2.50344,5.02598,1.81352,0
-2.88332,-1.12018,0.7207,0.2033,1.22138,0
-1.05048,-1.20913,0.35451,5.22606,3.94352,1
-0.94247,-3.00005,-0.06273,4.41875,2.33749,1
0.94394,1.61773,-0.7991,5.15316,1.77834,0
-2.20549,-0.19563,-0.78127,5.31349,2.66557,1
1.24253,-0.44268,2.31499,2.08907,0.60734,1
2.4912,3.26682,0.22221,5.70894,1.00629,0
0.76365,2.62697,1.17338,4.91895,3.94001,1
2.52142,1.963,2.1743,3.4349,1.14873,1
2.95422,1.60232,-0.25883,2.16886,3.34144,1
2.59864,3.46071,-0.96868,5.55746,2.57925,1
2.68618,2.68733,-1.55998,2.13364,2.0099,1
0.06762,-1.71061,0.06466,3.70983,2.71592,0
-2.87019,2.54192,1.49248,5.51528,2.43727,0
0.64409,-0.36426,-0.09236,2.10299,1.17765,0
2.00434,1.186,-0.9482,0.98199,2.81741,0
1.6673,-2.82825,1.63135,2.4433,1.39036,0
0.2265,0.34268,-0.74787,2.35936,1.98121,0
2.54112,-1.64984,2.45297,1.95056,2.09098,0
1.79653,1.44234,-0.35256,5.27415,1.03004,1
-0.8049,3.03251,-0.15671,4.87948,2.16606,0
-0.32839,-2.38812,2.70965,0.53029,1.82481,1
-1.46658,-1.69843,-0.85357,1.96783,2.54273,0
-3.35263,-0.73555,-0.29722,1.45315,2.6081,0
3.43855,2.95509,1.81381,4.73054,2.47402,0
-3.4957,-3.35553,0.38224,2.16906,3.44371,1
0.03107,1.22283,0.75004,2.99518,3.55758,1
0.49112,2.48363,0.1529,1.46369,1.01814,1
-0.60982,-1.92796,-0.20525,3.46617,1.77973,0
-1.92543,-2.7456,-1.24221,5.81033,3.83129,1
3.38693,2.53675,-0.02653,3.62722,2.16785,0
3.16815,0.84833,-0.09045,2.67339,0.65252,0
3.2172,-1.31827,-0.04834,5.19433,4.44643,0
2.70852,-1.05688,-1.82587,4.72707,0.85005,0
1.73857,2.23667,-0.9749,4.67409,2.65244,1
3.02758,-0.24817,-1.49347,3.74753,2.30338,1
-2.89312,-0.84206,-1.28331,2.12974,2.3716,0
-1.7699,1.56258,-1.82261,2.62938,0.92067,0
-2.85804,-1.28845,-1.5683,2.95529,2.54399,0
0.32887,3.01663,1.77773,5.83484,0.48282,1
-1.01793,-2.05196,-2.00291,2.70726,2.28641,0
-3.42299,-1.56763,1.73722,5.96663,1.34919,1
-0.92521,-0.40768,0.06014,2.06491,3.12886,0
0.91622,-0.21037,-1.32061,3.66074,2.20553,1
1.9547,-0.42581,1.13828,1.40558,2.46919,0
-0.6408,0.83343,-1.79074,4.8802,0.60201,0
-0.26897,2.39085,-0.20103,2.70052,1.92813,0
-2.77698,3.48369,0.03331,5.01307,0.40184,0
-3.22474,2.01612,2.29048,3.34957,2.43557,0
2.75158,-0.74325,-0.0469,4.30314,1.48073,0
2.66444,-3.48541,0.40455,2.84892,1.09567,0
3.42979,-2.08314,1.55398,0.66233,1.81392,0
-1.50908,1.97972,-1.78208,4.91386,0.89565,0
-2.28965,0.593,0.55916,4.02897,1.00029,1
1.80047,-2.52402,1.13983,2.25273,3.19362,0
-2.93626,-3.31103,-0.02349,3.46075,0.62798,0
-0.7109,-1.64985,-1.00035,5.68678,1.77762,0
-0.84815,-1.21351,-1.6257,2.23389,2.23952,0
0.6926,-0.13966,0.40746,1.3545,0.4836,0
-1.18776,1.67797,0.67992,1.58342,2.80545,0
-1.53543,-0.3653,0.08502,1.42872,2.3655,0
2.27267,-0.35313,-1.31615,2.57784,1.81652,1
0.91176,3.18197,-0.96014,0.74725,2.5935,0
-1.06004,-1.93691,0.02995,2.44511,1.31058,0
1.10589,-3.24952,-2.29825,0.81569,1.81515,0
2.75852,0.7422,-2.77467,0.37397,2.11144,0
2.96741,-1.66778,-0.84201,3.01356,2.67302,0
1.74588,1.1095,-0.18949,0.64502,2.82076,1
0.30762,3.00552,2.03332,0.4165,3.97335,0
0.46631,3.046,0.23348,5.38951,2.27205,1
1.8667,2.15072,0.54089,5.07022,3.83177,1
-0.48526,1.22421,-1.01659,2.00081,2.33783,0
0.84039,0.41115,0.36194,5.30118,2.56372,1
-2.25246,-1.95816,0.2453,3.5821,2.61623,1
-0.94733,-3.17783,0.75746,2.7244,1.57479,1
0.91234,-2.73124,-1.50306,0.64567,1.29025,1
1.70774,1.46586,0.45262,4.32828,2.54118,1
3.00734,0.38168,0.21789,4.93079,1.1339,1
2.21387,1.06932,1.45023,0.29471,2.39843,1
-0.92798,-1.65291,-0.97888,0.72669,2.67997,0
3.34827,-2.99405,1.70039,5.77242,3.51931,1
-0.77926,-0.20962,0.38463,2.97555,2.81308,1
-1.07026,-2.8114,1.48647,1.1621,2.18295,0
1.84267,-1.29195,-0.35566,0.58924,0.19236,0
-0.1348,2.09026,-2.478,3.33932,-0.74476,0
-0.59768,-0.15776,0.66408,3.7977,3.89227,0
-2.48417,2.35722,-0.73516,3.95521,1.12436,0
-0.63542,-1.37337,-2.75964,3.43443,1.1699,0
-1.8622,1.77891,1.10222,1.25955,2.06296,0
-0.20852,2.4472,-2.31214,3.70591,2.21109,0
-0.39116,-0.33132,0.40176,4.28439,1.9623,0
-2.46613,2.36242,-0.3503,1.17388,3.33013,1
2.06842,2.85095,1.236,3.77372,1.54302,1
3.04153,0.49242,-0.52083,4.80926,3.51661,1
-3.13614,-1.47426,0.45766,2.34047,2.24177,0
-1.64501,-2.01599,0.08134,0.04796,3.43759,0
-2.82754,2.85167,0.1808,4.977,2.78928,1
-2.15381,-0.71439,-2.20246,0.21679,1.75,0
3.36256,-0.55039,-0.45503,1.39174,1.98837,1
-2.00402,2.36214,-1.27832,3.58168,4.56337,0
3.23833,0.94069,0.39498,3.5147,1.7478,0
0.99758,-1.99652,-1.22674,2.12596,2.93408,0
3.11815,1.22718,0.14408,4.70172,2.39594,1
-1.09929,-0.05924,-1.1628,2.93585,2.03461,1
0.63554,-2.58159,-1.76792,0.16302,2.89138,1
-0.13957,-0.76157,0.88616,4.75776,1.29283,1
0.66466,-1.88665,-2.87983,5.86415,4.09637,0
1.60608,-1.52244,-0.79294,3.02008,2.55219,0
-1.41339,3.45708,-2.53529,5.39024,2.10839,0
1.56292,-0.85115,-1.47086,5.71575,2.55928,1
-1.27317,2.28313,2.38363,5.95605,1.10619,1
-3.19469,0.30022,-0.66845,2.2482,2.98596,0
-1.69443,-2.68546,2.22621,0.06324,3.00117,1
0.10449,1.57828,-3.30114,2.81867,1.63394,1
0.22117,-3.27218,0.7889,3.55954,4.2091,0
-3.36372,0.89967,-0.35277,3.10495,3.22145,0
-3.12063,-2.94558,1.2981,2.99684,2.17268,1
-1.4077,0.46868,-0.43164,0.18139,0.36178,1
0.75778,3.03195,-0.01049,4.0037,2.42057,1
-1.11562,0.68467,-0.18928,2.69553,2.65761,1
-2.89481,-0.87265,0.36298,1.87838,1.57734,1
2.61563,1.69716,-0.98329,1.16959,2.51993,1
0.61941,1.22185,-2.24956,3.83226,1.54413,0
-2.51138,0.93227,-1.62261,3.04068,1.58039,0
-1.33872,-0.62798,0.30852,5.96685,1.65983,1
-2.15322,-0.24694,-0.18819,3.7356,1.24724,1
2.0095,1.64577,-0.14653,0.17167,1.4679,0
1.70346,-3.31396,0.87458,5.40764,2.06578,1
2.21294,-1.73074,1.6322,5.96657,1.22046,1
0.81025,3.01266,1.45926,5.34423,0.23108,1
1.61183,0.59373,3.00842,1.7732,2.60193,1
0.11198,2.6106,0.1032,3.68143,-0.85654,0
-0.93019,-2.60759,-1.57783,0.5272,1.94179,0
2.65245,2.40699,1.95732,2.85908,4.24049,1
-2.82827,3.28862,-2.08973,3.6981,1.38352,0
-1.53999,-0.05872,0.69006,5.06265,2.4692,1
-3.30748,0.71309,-0.63226,5.33785,1.12124,0
0.46488,-0.14384,-0.44922,0.47131,2.87572,0
1.47296,1.57291,0.80239,3.09645,0.64219,1
2.20471,-0.7171,-2.03208,5.21741,5.07192,0
-0.46801,-1.19388,0.11078,3.86672,2.51065,0
-2.01011,2.46017,0.62772,5.09351,-0.87454,1
1.18524,-2.66823,0.28689,1.59119,1.06917,0
1.8963,-2.20107,1.45915,1.60997,1.8985,0
-1.83095,0.83422,-1.92579,5.39272,3.5327,1
-1.5044,2.12252,-1.38072,4.83385,1.39951,0
0.02166,-1.53498,0.3663,3.08652,2.05901,0
2.38629,0.60493,3.19865,5.38012,1.7955,1
1.00271,-0.6196,-1.16918,2.30546,2.45502,0
-0.46812,0.84909,1.76732,2.30155,2.11807,1
1.50145,2.78499,-2.97482,1.75738,3.05572,1
2.18018,-2.48914,-0.05988,3.87077,1.22525,0
0.30541,-1.65765,2.18437,2.4739,1.75219,0
2.87988,-0.47949,-1.29721,3.37462,2.71654,0
3.19402,-1.80882,-1.26218,3.58624,2.41408,0
-1.82512,-0.27736,-2.00674,0.94554,1.96237,0
-2.13406,3.37813,-0.48958,5.64624,1.82981,0
-0.21158,-3.31222,1.17198,1.84814,2.77395,0
0.52863,0.43348,-1.30128,5.3504,1.82668,0
0.11499,-1.43174,-0.58367,0.96567,1.65159,0
-2.50282,0.23936,-1.46197,1.77401,1.08916,1
1.20151,2.92415,0.24395,5.4133,3.07745,0
1.83832,-0.30121,-0.30889,2.54021,2.57839,0
-3.08055,0.88563,1.21765,3.70336,2.15858,0
-0.87467,1.72892,-0.57651,2.3212,2.07862,1
2.39943,2.95938,2.12691,3.23629,2.60259,1
1.76074,1.04678,0.50797,3.78145,1.19877,1
2.2794,1.62358,-0.40992,1.17856,1.209,1
-0.02607,-2.96043,-0.62882,3.09099,2.288,0
-3.36168,2.32371,-0.09495,0.13826,1.5422,0
2.33759,-2.72125,1.77699,0.88314,2.20485,0
1.28952,-3.18957,0.27352,3.70265,2.18108,0
-0.20146,2.17883,1.47479,5.22023,2.52173,0
1.48985,1.08376,-2.57917,5.73258,1.46579,1
-2.08901,-2.32027,1.05493,2.80179,3.33922,0
2.00088,2.76775,2.12321,4.75711,3.18161,1
-2.88237,-1.61429,2.21556,5.47939,0.39888,0
0.2446,-0.82015,0.38989,1.15242,2.2067,0
-0.64996,2.93954,-0.01809,1.59795,2.67912,0
0.34057,-2.38663,-0.43576,1.35201,1.10286,0
0.1103,2.80082,0.1118,4.81144,2.0689,0
-2.61389,-0.20384,1.22845,0.23554,0.72487,0
2.85067,-2.55924,-1.3442,3.96733,0.25765,0
2.39441,0.35234,-0.56467,0.16754,2.02761,0
-0.94574,2.91177,-0.11645,4.73889,3.55387,0
0.06736,-2.98783,0.19499,4.81847,1.00429,0
2.92919,1.27026,-0.31839,5.92289,1.53885,0
2.92293,-0.47277,-0.5231,1.44723,0.93006,0
0.24745,2.63301,0.31321,3.40462,3.06992,0
-0.32171,-3.04848,-1.86766,4.44666,0.96505,0
3.29948,1.00177,-1.05207,2.07263,1.73316,1
-0.29358,0.29339,0.14311,2.14857,0.80438,0
-2.27296,-2.10128,-1.31664,4.93602,3.13904,0
-2.45845,2.01947,-0.34235,4.15145,1.7131,1
-0.24835,-0.15861,1.17277,0.83787,2.14919,0
1.30489,3.36121,-2.20877,1.37675,1.40122,1
3.25597,-2.50982,2.07434,5.14941,1.21809,1
3.27291,1.51915,0.76901,5.74831,1.74117,1
3.07887,-0.88675,-2.5405,1.02802,1.02161,0
0.57546,-1.48837,1.72788,3.03384,2.12406,1
-0.46633,1.92967,-0.09918,1.87582,2.29087,1
-1.29442,-0.44505,1.75765,0.23062,2.91257,1
0.33814,-2.33541,-0.43869,3.20602,1.09683,0
0.27053,-1.72947,-0.49599,3.05633,2.35977,0
2.21533,-1.82047,-0.58692,5.38174,0.93847,1
0.68614,-2.01563,1.30355,3.40215,3.7901,0
-0.04681,-3.18468,0.17929,5.42068,1.7171,1
-3.22717,2.41738,-0.5403,1.08222,1.6092,0
-2.36865,-0.62487,-1.22634,0.4901,0.12158,0
-0.77241,-0.87295,-0.75999,2.03002,2.35833,1
-1.86518,-2.48348,2.7656,5.98407,3.15658,1
0.64268,-2.92144,1.40537,1.98563,2.90653,0
1.54171,0.31536,-0.27205,5.34077,1.66625,1
2.79829,-2.89615,-0.53579,1.87889,0.53821,0
1.94068,-0.81991,1.35856,0.51182,3.27658,0
-2.08759,0.41552,-2.99837,1.40077,2.02134,0
-0.37523,2.37658,-0.12232,2.10515,-1.29798,0
2.41872,-1.73226,0.64205,5.5812,0.81555,0
0.84258,0.544,-0.85474,0.12721,2.53364,0
-1.40791,-1.07559,0.10812,2.50266,2.74534,0
-1.52462,2.69639,-0.9987,4.70111,1.68634,0
-3.3543,2.82442,-0.68717,4.65574,2.66199,0
-2.00494,3.38934,0.23133,3.31997,0.80488,0
-0.99606,2.70627,0.12857,0.7831,2.46791,1
3.4121,-3.40446,0.00889,2.42293,1.56708,0
1.30501,-1.75347,-0.26705,0.36111,1.40622,0
3.15399,1.62354,-0.181,3.54987,1.38587,1
0.21545,0.69212,-0.07286,4.0353,1.67611,1
1.91383,1.96054,-1.7771,4.5159,3.23889,1
2.0043,0.29135,-0.54152,4.72289,2.849,1
1.48714,3.07896,2.09387,3.38515,1.85385,1
0.79498,0.19586,1.2428,4.04004,1.66792,1
-3.07941,-3.05409,-0.42624,0.9823,1.71746,0
2.63734,2.7435,0.86149,3.43405,2.40357,1
-0.15267,-3.46733,1.28701,0.37666,4.24114,0
-1.38425,1.29724,0.75119,5.77951,1.63612,1
0.11193,-0.82066,1.94662,3.27843,1.39107,0
3.4066,3.08023,1.41831,3.25051,1.48781,1
2.07226,-1.27619,3.24738,0.13029,1.32579,0
-1.9935,2.5456,1.12412,3.2479,2.41887,0
-0.93838,-1.69952,-1.10134,0.51477,1.9735,1
-1.55472,1.74571,0.79223,1.02902,2.35923,0
-2.55647,-2.18017,2.60466,0.08558,3.2316,1
0.56363,1.15834,-0.23499,2.6832,2.5221,0
-1.40915,-3.24032,-0.25927,1.70804,2.69311,1
1.17262,-3.23114,1.1671,3.23115,3.07727,0
1.16084,-0.34542,-0.28072,5.1371,0.92242,1
-0.2678,-1.51275,-1.54973,1.05953,0.51471,0
0.75656,0.04456,-1.13052,5.69416,3.81923,1
3.38233,0.62958,-0.75145,3.32802,0.23836,0
-0.98987,3.03199,0.38396,5.32468,2.15105,0
-2.60794,3.1024,-0.3886,1.72449,1.33929,0
-2.41701,-3.00311,-1.74522,2.17182,2.21281,0
-1.80508,-0.573,-0.13151,0.44723,1.50464,0
-1.75235,-1.98431,1.63923,0.80436,-0.29725,1
1.23964,1.17379,0.58459,4.95171,0.80937,1
0.54775,2.04559,1.3643,2.71686,1.33972,0
-1.49753,-0.72616,-1.1615,0.09531,2.06364,0
3.46943,-1.06235,0.53966,4.44963,2.28857,0
3.35287,-2.90264,1.03579,0.53919,2.10611,0
-0.28156,-0.43408,0.27868,4.81009,1.50481,0
-2.61218,1.53996,2.2114,5.24367,1.02239,1
-1.48574,-2.24885,-0.05719,5.5334,2.19461,0
-1.83125,-3.39619,0.13118,0.96579,1.17799,0
-0.2738,2.3456,-0.14105,0.32298,1.08169,1
2.72874,-0.9677,-0.58369,3.89909,0.12702,1
2.28992,2.57866,0.36143,3.51616,3.15617,1
0.96996,-1.4041,1.11147,1.71335,1.02724,0
0.70132,1.23303,3.19114,3.38099,2.39008,1
-0.73737,-1.13821,-0.78518,1.66455,1.25804,1
1.31796,-2.25323,0.83749,4.33627,3.32958,1
1.94341,1.41928,2.05406,0.96519,1.51651,0
0.64682,0.40711,-0.5789,4.51443,1.53687,1
-3.03807,-0.08152,0.16691,4.60165,3.1031,0
-3.21987,2.91812,0.12741,2.40177,3.06287,0
1.04617,0.27768,-0.53218,4.53787,2.46329,0
-2.92932,0.0124,-0.59864,1.3959,1.19213,0
-1.1326,-0.92838,-1.32818,4.956,2.44884,0
0.23156,1.9452,-0.96196,5.95822,3.0045,0
-2.75183,-0.15305,-0.83848,2.33,1.66121,0
1.68608,1.37353,1.28088,5.94308,2.60725,1
3.3915,-2.92943,0.86159,5.88805,1.36777,0
-1.21152,-1.53387,-1.87479,3.90205,1.14278,0
0.05665,-0.12541,-0.3379,3.80387,3.11671,1
-1.61362,-1.22212,1.65049,5.63765,2.84662,1
1.25759,-0.53313,-0.17345,4.16439,2.24686,1
-2.59267,-3.14261,1.41907,4.19657,0.88203,1
-0.79474,0.37504,-0.18724,5.91682,3.08214,1
3.02266,-1.17786,-0.10456,3.13168,3.75239,0
1.97191,0.36178,-0.25484,2.82643,2.35137,1
-3.18084,-2.39069,0.19438,0.78762,2.52946,0
1.9384,1.77175,-2.20627,4.27671,0.28681,0
-3.27291,0.55191,-0.78184,2.7216,3.27801,0
-1.60776,-0.14907,0.70951,2.02634,2.13162,0
-3.17579,-0.69257,1.6377,1.70323,3.05982,0
0.90095,-2.02644,-0.1241,4.57079,2.98525,0
2.46024,2.6537,2.18824,1.65766,3.84755,1
1.97476,-0.55005,0.93857,0.05615,2.20644,0
-2.63647,2.51004,-0.91387,4.58887,2.24425,0
3.06438,-3.3792,1.9388,3.6688,1.77186,0
2.60694,0.93259,-0.36995,0.01899,1.30962,0
1.76879,-2.45813,0.51727,3.31121,3.51827,0
2.19524,-0.272,-0.55932,5.54846,1.09058,1
-1.53858,-2.14502,-0.30751,3.54281,2.15102,0
1.527,-0.22315,1.23926,2.64081,1.89927,1
-0.12721,2.0746,0.00249,1.55868,4.76255,0
0.64913,-2.61185,-0.19817,4.05133,2.09519,1
-1.56362,1.75472,-0.07092,2.42818,0.28502,0
1.8259,0.6911,0.6402,5.31206,3.07118,1
-2.97418,-0.63106,1.71052,5.46383,2.16773,1
-0.91348,0.55678,0.04185,2.70693,1.51194,0
-0.72116,-1.05545,-0.60419,1.67847,1.49861,0
0.24779,-3.37788,0.3979,4.91147,1.24008,1
-1.25225,1.04158,-1.09932,0.8738,1.18896,0
1.27798,-2.46597,-0.17348,4.24942,3.82868,1
1.54594,-1.30818,0.93248,3.56975,3.74693,0
-2.95293,-2.33951,0.40247,3.47704,2.97575,0
2.06244,-2.95439,-1.04825,5.39191,1.5714,1
1.35485,-1.18622,-1.03021,4.97887,0.87975,0
1.3287,-1.48231,-0.80415,3.25004,2.42018,0
2.82795,2.68436,0.46173,3.9593,4.00101,1
-0.81035,2.49993,-0.4617,5.33709,1.86288,0
-2.05494,-2.18185,0.15717,3.74969,2.32658,0
-2.64934,-0.36151,-0.99734,3.80199,2.36288,1
0.6687,-0.64227,-1.98741,2.30437,1.79494,0
-1.2087,1.4538,0.038,1.87618,2.52797,0
-1.73915,-2.25664,2.76981,5.99749,2.40223,1
2.58892,-2.95777,-0.93487,4.63302,4.60909,1
0.3341,-0.69613,-0.28736,3.04233,1.94066,0
-0.16235,0.14188,-1.42706,3.29652,1.05755,0
0.94401,-2.74673,-0.5029,2.46937,3.62816,0
-1.51106,2.18528,-0.37459,5.66873,2.58269,0
3.11243,-3.22854,0.39168,4.36055,4.31601,1
1.98855,-2.40605,-1.52419,3.91939,-0.16424,1
-1.06936,-3.06987,-1.72736,0.00118,0.76912,1
1.98408,2.36706,0.42528,2.26639,1.13283,1
-2.32748,0.96697,-0.39284,4.06112,1.67606,1
0.50974,-2.10434,-0.94624,4.10245,4.82706,0
-1.01889,2.19414,1.2461,4.11774,2.07887,1
1.88333,2.45126,0.00819,4.63793,0.7128,0
-0.79248,1.69859,-2.23092,5.54292,3.6524,0
-0.92308,-3.24666,1.16956,1.97109,1.41997,1
-2.12844,-0.13152,-0.53549,1.91698,2.96875,0
-2.77703,2.50542,-0.07961,4.75295,3.59184,0
0.91674,1.67726,-0.87609,2.93021,3.23357,1
-1.74025,1.51525,0.83975,1.51959,3.93169,0
3.14548,-1.79255,-1.44731,2.47252,0.27567,1
2.16316,1.50902,0.78904,2.3958,1.68434,1
-0.05174,2.24857,-2.04631,3.73195,1.62579,0
-3.26676,-1.73415,2.65652,2.60304,2.16136,0
0.28976,1.94127,1.68997,0.83661,1.71728,1
0.39367,-3.33945,-0.76087,0.31928,2.02187,0
-3.38682,3.21259,-0.57804,2.37892,4.15454,0
-2.56936,1.31023,-1.85448,2.87044,3.78146,0
1.97403,-1.18674,1.05479,1.15623,2.21914,0
-1.85995,0.30189,0.35536,1.89014,2.30467,1
0.23021,-3.16558,-0.97093,2.64968,3.17279,0
-2.88356,-0.46852,-0.0811,2.48596,0.93732,0
3.1911,-2.78859,0.69539,4.54807,3.51102,1
-2.49002,1.82077,0.31806,4.29088,2.00473,1
1.19589,-0.08296,0.88918,0.32919,2.34799,1
-3.20277,0.30125,1.00111,2.40522,2.40922,0
0.83151,-2.7467,-0.09884,3.25306,2.76062,0
-0.227,-1.27637,2.32901,1.40148,1.01484,0
-0.44693,-1.19613,0.5379,3.46435,0.56271,0
0.73003,3.29446,0.89579,1.04968,0.36568,1
-1.26709,1.20736,-1.29658,4.80287,1.29218,0
-2.30052,-0.2506,2.35116,1.71448,3.36912,0
-2.59561,-2.16617,0.03591,4.8258,2.2037,0
-2.19996,3.23397,0.63201,3.78825,-0.09749,0
2.03946,3.1315,-1.26043,1.88118,4.34644,1
-1.19536,-2.30783,1.68545,3.82191,1.01607,0
-0.33443,1.67297,-1.8916,0.29008,1.52312,0
2.71718,1.18895,-0.40243,5.61785,1.59578,0
0.46425,1.98277,1.02639,1.30415,2.96655,1
-1.29854,2.32099,0.26072,4.94407,0.42275,1
1.65073,-2.04513,-2.56298,2.7239,2.43053,0
-0.62085,-2.51717,-1.69396,5.93882,2.97253,1
1.21914,2.36086,2.66131,2.3569,2.06134,1
1.36783,2.21863,-0.70084,3.37272,2.39837,1
0.02379,3.33157,-0.00173,4.83565,1.29225,1
2.14487,-0.1622,0.13028,0.53311,2.73779,0
0.83625,-1.16284,-0.5903,1.86371,2.90331,1
-3.16976,-2.32949,0.47997,0.74859,1.55011,0
2.98797,0.58032,1.82627,1.74931,0.14724,0
-2.58902,-1.67595,1.30598,5.45055,0.98272,1
1.65286,2.50848,-1.02613,2.05439,1.55382,1
1.50554,0.40128,2.02186,1.51477,1.06845,1
-0.13549,1.6419,-0.11532,4.5378,3.65861,0
1.13196,-0.69199,-0.33231,0.35505,3.89186,0
-1.81506,-1.63128,-1.48506,1.21141,2.11483,0
0.94357,0.99955,0.46545,5.10676,2.76549,1
1.22263,-1.15983,-0.90726,4.91495,1.23988,0
-2.65167,-2.2854,1.52156,0.14371,3.35845,1
1.40854,-1.70029,-1.2359,1.54573,2.32167,0
-2.07005,1.90982,0.7794,3.85523,2.68041,1
-1.32566,3.15024,1.62036,1.62047,1.62486,0
0.09042,1.66834,1.49393,5.69618,1.79511,1
-2.31185,2.39138,0.05271,0.99926,1.96048,1
-1.96696,0.58185,2.31792,5.4791,1.45735,1
3.10883,-0.83719,0.92321,5.08491,0.79253,0
1.65812,2.76348,-0.195,4.06447,1.9141,1
-2.53838,-1.01191,-0.15582,0.56106,2.43271,0
1.99019,-0.51565,-0.51912,5.73988,2.37228,0
2.81478,0.71003,-0.23584,3.56484,2.02249,0
0.09433,-2.87872,-1.41143,0.06044,2.05964,0
-2.97367,-1.79547,-1.79445,3.12438,3.96129,0
1.5403,-3.37424,-1.10721,2.24063,2.538,0
0.05635,3.37533,-0.97046,1.91517,1.93969,0
3.2183,-0.27625,-0.75865,4.67803,1.34754,0
0.30756,0.58282,0.86371,0.67607,3.09822,0
1.16093,-2.64904,1.68335,4.56508,0.63285,0
-2.26505,3.36228,1.36682,2.47163,1.73127,1
0.82628,1.34362,-1.05476,1.16346,1.51048,0
2.50077,1.89774,0.2732,3.19425,2.9419,1
2.0311,2.09008,-1.07322,5.68494,2.81879,0
-0.55775,0.49313,-1.6168,4.13408,1.47561,1
2.62229,2.15665,-2.50754,0.09943,-0.35465,0
-2.11036,-2.58489,0.45296,3.58032,2.01184,1
2.80794,0.3759,0.0785,4.3496,2.45471,1
-1.59936,-3.49328,2.32655,1.00891,3.62051,1
-1.85258,-1.8186,1.60929,3.47002,3.30018,0
2.39486,-1.30229,0.36188,0.37229,1.6676,0
-2.66802,-2.31551,2.50854,0.78584,1.94174,1
