record_id,machine_type,shift,plant_area,load_percent,temperature_c,vibration_mm_s,age_years,days_since_service,operating_hours,prior_failures,maintenance_duration_hours
REC-00001,Motor,Evening,Process-B,66.189,69.033,1.2971,3.195,58.84,1779.14,0.0,44.533
REC-00002,Fan,Day,Process-B,75.429,73.374,2.6237,10.795,59.59,10800.78,4.0,73.595
REC-00003,Compressor,Day,,59.208,61.564,1.0397,6.847,198.79,1183.33,0.0,60.983
REC-00004,Motor,Day,Process-A,86.442,62.028,2.0992,2.772,79.89,2031.01,1.0,57.855
REC-00005,Pump,Evening,,79.939,45.436,1.9711,8.086,9.42,4221.63,3.0,61.457
REC-00006,Pump,Evening,Packaging,56.704,72.496,2.9541,,186.7,5091.07,0.0,71.78
REC-00007,Compressor,Evening,Process-B,73.484,67.351,3.4888,7.273,9.54,4276.43,4.0,86.783
REC-00008,Motor,Day,,66.804,66.641,1.5818,6.019,80.41,3152.28,2.0,41.622
REC-00009,Pump,Night,Utilities,71.147,52.674,0.5643,6.711,70.94,3319.34,1.0,63.575
REC-00010,Compressor,Night,Process-B,77.052,45.977,0.7784,5.44,169.52,3774.81,3.0,85.746
REC-00011,Fan,Day,Process-A,82.243,80.697,1.0452,5.577,136.38,4523.03,4.0,67.301
REC-00012,,Day,Packaging,83.521,60.026,0.984,7.768,55.77,6129.56,1.0,41.288
REC-00013,Fan,Day,Process-A,75.572,56.049,0.891,1.368,,6882.26,1.0,38.079
REC-00014,Fan,Day,Process-A,66.303,70.774,1.2612,7.498,28.36,6124.35,3.0,46.664
REC-00015,Pump,Night,Utilities,60.951,65.223,2.0426,11.912,44.04,1797.38,1.0,66.719
REC-00016,Compressor,Night,Utilities,90.379,68.103,1.2428,8.731,25.98,,1.0,94.444
REC-00017,Compressor,Evening,Utilities,77.475,59.975,1.7235,2.17,61.25,3730.78,2.0,65.508
REC-00018,Fan,Day,Process-B,102.391,84.514,0.79,5.586,42.6,5334.87,2.0,84.013
REC-00019,Motor,Evening,Packaging,48.277,69.872,0.8953,1.949,38.84,2817.1,0.0,23.419
REC-00020,Fan,,Process-A,89.201,67.97,1.3233,6.501,61.16,6211.04,1.0,63.406
REC-00021,Motor,Day,Process-A,87.701,69.186,3.9522,7.829,96.73,4620.54,3.0,65.818
REC-00022,Pump,Evening,Utilities,86.903,63.9,1.4609,19.268,64.7,1952.27,1.0,64.254
REC-00023,Motor,Night,Process-B,54.438,77.666,1.7509,0.891,36.35,,2.0,63.496
REC-00024,Pump,Day,Process-A,63.662,59.855,1.5077,6.057,58.5,7645.98,1.0,64.42
REC-00025,Compressor,Evening,Process-A,78.078,48.602,1.7795,3.571,131.2,4718.47,0.0,76.217
REC-00026,Pump,Day,Process-B,55.6,62.199,1.2729,6.995,,4625.79,3.0,66.725
REC-00027,Motor,Night,Process-B,83.777,58.204,3.4367,5.939,155.05,7092.19,2.0,87.135
REC-00028,Motor,Night,Process-A,66.119,71.09,3.28,8.107,92.49,5653.76,,74.053
REC-00029,Compressor,Evening,Utilities,94.358,81.754,1.4571,15.387,41.27,4171.79,1.0,98.831
REC-00030,Motor,Day,Process-A,77.532,86.0,2.1481,3.319,95.87,5034.87,,70.407
REC-00031,Motor,Evening,Process-B,50.073,80.768,0.7028,5.058,12.63,3586.98,2.0,55.628
REC-00032,Motor,Evening,Process-A,75.94,73.08,3.6698,2.564,81.98,1857.88,2.0,69.034
REC-00033,Motor,Evening,Process-A,84.52,72.039,1.3921,3.232,130.15,3789.79,1.0,67.851
REC-00034,Compressor,Night,Process-A,99.568,75.009,0.6353,7.796,80.07,3025.09,2.0,103.208
REC-00035,Pump,Evening,Process-A,71.709,74.709,,7.4,69.8,2254.17,0.0,61.633
REC-00036,Motor,Day,Process-A,80.728,,5.1322,18.612,132.02,3947.49,0.0,90.574
REC-00037,Compressor,Day,Packaging,76.193,55.935,0.9366,15.78,145.9,2577.78,1.0,72.694
REC-00038,Pump,Evening,Process-A,90.345,82.869,1.4412,1.769,,8088.52,3.0,86.423
REC-00039,Compressor,Night,Packaging,37.454,,0.9299,18.176,50.64,12708.98,1.0,87.739
REC-00040,Fan,Day,Process-B,61.684,43.797,1.4998,3.949,102.98,3086.57,0.0,54.669
REC-00041,Pump,Day,Packaging,55.902,66.426,4.1078,2.475,28.78,9667.51,1.0,58.869
REC-00042,Motor,Day,Process-A,91.339,75.738,1.2559,4.576,85.35,4442.95,0.0,64.858
REC-00043,Compressor,,Process-B,49.422,65.656,1.6457,22.0,143.69,15968.39,0.0,107.427
REC-00044,Pump,Night,Packaging,75.633,64.527,1.5287,9.006,35.02,5812.79,0.0,58.795
REC-00045,Pump,Evening,Utilities,72.278,51.314,1.5837,8.97,,3001.51,1.0,58.358
REC-00046,Fan,Day,Process-A,62.682,64.77,1.7996,11.722,64.56,3051.17,3.0,57.779
REC-00047,Pump,Day,Packaging,76.88,56.014,0.8517,3.612,27.09,10442.55,0.0,45.407
REC-00048,Motor,Night,Process-B,61.098,71.883,3.0281,4.427,46.0,2444.04,2.0,61.025
REC-00049,Pump,Day,Process-B,88.245,,1.1201,4.006,35.49,5365.82,2.0,66.773
REC-00050,Motor,Day,Process-A,70.387,58.681,1.582,7.902,113.96,3004.31,1.0,64.693
REC-00051,Pump,Day,Process-A,68.2,67.05,2.2723,1.546,75.55,5761.88,0.0,53.684
REC-00052,Motor,Evening,Packaging,65.421,60.173,2.0339,1.741,28.1,7691.47,1.0,31.507
REC-00053,Fan,Day,Packaging,69.702,65.882,1.2854,3.405,32.33,5457.46,1.0,29.841
REC-00054,Compressor,Evening,Utilities,77.145,56.754,3.0026,8.808,27.57,1764.64,1.0,73.205
REC-00055,Motor,Day,Process-A,54.72,48.296,3.0221,1.727,101.7,7013.68,3.0,48.512
REC-00056,Pump,Evening,Process-B,88.522,47.649,,5.215,104.16,795.65,1.0,78.759
REC-00057,Pump,Night,Process-B,88.989,46.741,1.7458,11.651,116.56,9248.28,0.0,94.21
REC-00058,Compressor,Night,Process-A,52.804,57.619,2.3938,3.291,74.12,6861.8,0.0,78.515
REC-00059,Pump,Evening,Packaging,55.38,68.867,2.5385,6.036,149.14,7238.42,1.0,62.854
REC-00060,Pump,Night,Packaging,67.123,58.617,4.0126,6.915,150.97,3222.74,2.0,67.222
REC-00061,Fan,Night,Process-B,66.752,60.049,4.5651,4.422,39.44,3564.04,1.0,74.236
REC-00062,Pump,Day,Packaging,75.867,71.134,1.6159,10.024,183.2,4744.95,2.0,61.376
REC-00063,Compressor,Day,Utilities,55.151,66.795,1.7083,10.578,109.66,3349.53,1.0,59.622
REC-00064,Pump,Night,Process-A,,54.503,2.8186,4.255,26.74,,0.0,76.467
REC-00065,Compressor,Day,Packaging,66.043,76.635,1.0691,3.269,,,0.0,56.306
REC-00066,Compressor,Day,Process-A,53.105,68.116,2.345,7.137,55.18,4256.29,1.0,71.521
REC-00067,Motor,Day,Process-B,81.736,72.752,1.4005,8.587,171.91,2694.57,0.0,68.683
REC-00068,Fan,Day,Utilities,59.237,67.939,1.4756,14.523,84.9,4826.58,1.0,51.274
REC-00069,Motor,Day,Utilities,,73.183,1.5669,2.606,140.82,6635.01,4.0,52.192
REC-00070,Compressor,Evening,Packaging,66.641,62.152,3.0657,2.276,94.21,4993.31,0.0,61.705
REC-00071,Motor,Evening,Process-A,74.288,77.774,0.4756,4.646,73.61,3776.09,0.0,64.925
REC-00072,Motor,Night,Utilities,76.057,68.485,0.8491,4.101,46.02,3808.31,3.0,44.398
REC-00073,Motor,Day,Packaging,31.628,64.867,1.3323,8.637,45.71,6662.08,0.0,35.799
REC-00074,Fan,Evening,Packaging,81.004,78.429,2.3397,10.854,31.18,5245.28,0.0,71.719
REC-00075,Fan,,Packaging,25.424,63.307,0.9474,9.417,213.64,4125.3,0.0,39.652
REC-00076,Fan,Evening,Process-B,87.359,75.453,2.2496,4.75,132.32,807.63,0.0,55.301
REC-00077,Pump,Day,Process-A,92.094,72.355,3.5674,3.186,118.05,13546.3,2.0,85.907
REC-00078,Motor,Night,Process-B,77.368,71.019,2.4422,11.411,113.1,5987.36,2.0,95.884
REC-00079,Pump,Night,Process-A,80.388,83.168,1.4114,8.384,38.52,7834.08,2.0,81.537
REC-00080,Motor,Day,Process-A,76.447,86.352,1.0687,6.415,163.86,12707.33,2.0,72.948
REC-00081,Motor,Day,Process-A,59.927,63.114,1.117,6.822,61.14,8592.9,1.0,51.946
REC-00082,Fan,Day,Packaging,95.357,55.758,1.54,,66.97,4875.63,0.0,41.819
REC-00083,Pump,Day,Packaging,74.528,66.685,2.2897,4.707,118.79,2099.11,1.0,62.453
REC-00084,Pump,Evening,Process-A,77.633,91.377,1.4166,0.879,135.0,2792.73,1.0,82.95
REC-00085,Pump,Day,Utilities,80.514,56.176,0.8433,0.757,30.86,3809.16,2.0,48.047
REC-00086,Pump,Day,,78.706,,1.3805,1.73,42.0,,4.0,70.793
REC-00087,Pump,Day,Process-B,,74.546,2.4101,8.615,67.48,7001.83,3.0,70.42
REC-00088,Pump,Evening,,72.883,65.291,2.8063,13.221,101.3,12122.45,1.0,84.488
REC-00089,Pump,Evening,Process-A,71.33,75.56,1.3003,,,2965.93,2.0,81.645
REC-00090,Fan,Evening,Packaging,85.939,68.879,0.397,9.225,102.2,4619.2,1.0,36.903
REC-00091,Pump,Night,Utilities,62.926,67.415,2.4119,6.82,47.7,3744.18,1.0,63.143
REC-00092,Motor,Evening,Process-B,66.704,57.531,1.5048,5.167,112.58,3364.96,,69.044
REC-00093,Fan,Night,Process-B,91.712,58.424,1.7089,5.323,49.44,9919.43,3.0,75.2
REC-00094,Fan,Evening,Process-B,60.599,67.13,,3.659,99.49,9252.26,2.0,59.005
REC-00095,Motor,Day,Process-B,81.542,66.049,3.6499,2.912,35.44,6511.19,1.0,65.862
REC-00096,Pump,Day,Process-A,74.396,56.605,2.8755,7.376,104.89,2464.18,2.0,67.607
REC-00097,Motor,Night,Process-A,67.675,66.61,1.6469,3.339,170.18,1577.44,3.0,64.891
REC-00098,Pump,Day,Packaging,88.268,66.463,,1.297,28.11,3021.93,2.0,28.719
REC-00099,Motor,Night,Utilities,84.695,43.424,4.7563,1.696,,4138.69,0.0,54.291
REC-00100,Fan,Day,Packaging,78.295,73.572,3.2305,20.408,54.66,2900.68,3.0,60.329
REC-00101,Pump,Day,,49.612,81.53,,11.181,35.93,,2.0,84.381
REC-00102,Fan,Day,Process-A,67.773,78.101,1.7909,4.644,28.86,7184.12,1.0,55.569
REC-00103,Motor,Day,Utilities,61.692,61.168,0.8654,1.899,19.61,3233.12,2.0,37.189
REC-00104,Pump,Night,Process-A,,45.039,1.9588,13.473,34.19,4730.29,1.0,84.038
REC-00105,Pump,Day,Process-A,,65.394,0.7339,10.048,3.85,4074.23,3.0,64.743
REC-00106,Pump,Evening,Process-A,58.701,78.304,0.3318,4.564,23.77,3396.44,2.0,49.366
REC-00107,Pump,Day,,61.928,62.31,1.0375,2.924,105.2,3961.63,4.0,44.584
REC-00108,Fan,Day,,71.272,71.47,6.523,7.563,47.12,6410.24,3.0,76.603
REC-00109,Compressor,Day,Packaging,44.534,68.328,0.6562,2.393,39.47,17925.18,1.0,72.108
REC-00110,Compressor,Day,Process-A,68.689,73.629,,5.606,26.18,8653.47,3.0,85.867
REC-00111,Motor,Day,Process-B,100.976,68.125,0.7836,2.131,113.28,,2.0,71.451
REC-00112,Compressor,Night,Process-A,60.756,68.394,1.9956,8.336,58.17,,1.0,87.086
REC-00113,Pump,Evening,Utilities,51.374,64.338,1.9368,11.077,43.31,6493.82,1.0,71.47
REC-00114,Fan,Day,Utilities,80.79,,0.9543,3.251,90.89,5857.94,0.0,33.361
REC-00115,Compressor,Evening,Packaging,51.703,49.755,1.3107,3.245,32.78,1797.13,1.0,73.101
REC-00116,Compressor,Day,Process-A,82.842,72.072,1.6349,3.604,89.92,8178.83,2.0,92.805
REC-00117,Motor,Evening,,69.983,41.346,0.3361,1.705,44.5,6515.64,1.0,52.99
REC-00118,Pump,Day,Utilities,68.371,67.887,5.0716,1.2,174.0,7853.83,2.0,81.522
REC-00119,Motor,Day,Process-A,75.383,63.738,2.6873,17.269,130.14,5160.45,2.0,70.22
REC-00120,Motor,Day,Process-B,44.999,79.056,1.5267,22.0,127.77,3142.38,1.0,72.456
REC-00121,Pump,Evening,Process-A,77.64,64.174,1.0143,6.767,195.87,9250.52,2.0,68.585
REC-00122,Compressor,Day,Packaging,59.696,51.407,1.2558,2.186,103.1,12384.97,3.0,77.075
REC-00123,Compressor,Night,Process-B,70.135,71.675,1.5798,9.167,62.83,3725.4,2.0,91.192
REC-00124,Pump,Day,Process-A,70.996,73.676,1.5797,,150.3,1761.52,1.0,57.788
REC-00125,Pump,Day,Process-B,97.14,84.014,1.0335,1.628,55.06,2885.4,1.0,66.699
REC-00126,Pump,Day,Process-B,51.844,57.232,1.5778,8.044,58.84,4965.86,1.0,75.804
REC-00127,Pump,Day,Packaging,85.648,71.336,1.2795,6.108,184.69,3450.02,1.0,61.924
REC-00128,Pump,Evening,Process-A,86.109,69.351,,3.265,35.11,9083.9,2.0,72.6
REC-00129,Pump,Evening,Packaging,93.84,76.824,1.5646,8.94,10.73,6063.95,1.0,63.785
REC-00130,Compressor,Night,Utilities,58.833,66.769,2.3212,4.178,118.61,6409.8,1.0,67.52
REC-00131,Pump,Evening,Packaging,53.44,67.639,1.1029,0.833,73.45,6743.43,,60.242
REC-00132,Motor,Day,Utilities,86.198,65.088,1.0519,3.897,,,0.0,51.275
REC-00133,Pump,Night,Process-B,70.978,87.129,1.1952,6.728,,4130.82,3.0,93.225
REC-00134,Motor,Day,Process-B,80.922,83.551,1.0284,10.079,128.52,7741.17,2.0,82.161
REC-00135,Compressor,Night,Process-A,92.873,72.63,3.9587,3.49,74.2,7389.68,0.0,104.318
REC-00136,Motor,Evening,Process-A,84.222,67.442,1.3015,2.257,54.72,3174.46,1.0,55.304
REC-00137,Pump,Day,Packaging,73.843,63.097,1.0624,3.778,129.53,1714.09,0.0,43.18
REC-00138,Pump,Night,Packaging,77.76,49.993,1.538,7.802,27.81,6068.71,2.0,70.652
REC-00139,Pump,Evening,Process-A,91.75,70.117,1.2365,15.844,,7405.6,1.0,81.711
REC-00140,Compressor,Evening,Process-A,79.779,66.692,0.5796,5.68,195.79,9716.33,0.0,77.714
REC-00141,,Day,Process-B,68.865,59.526,3.3001,,136.28,6270.87,2.0,94.459
REC-00142,Fan,Day,Process-B,67.078,67.878,1.2688,6.019,71.59,1639.98,1.0,51.741
REC-00143,Compressor,Day,Utilities,72.518,63.421,0.9159,2.781,71.93,538.9,1.0,50.445
REC-00144,Motor,Day,Packaging,75.614,78.902,,3.176,32.64,3647.39,4.0,58.986
REC-00145,Pump,Day,Process-B,94.832,64.729,1.1523,5.706,24.07,1316.88,1.0,64.136
REC-00146,Fan,Day,Process-A,84.117,79.989,1.3122,12.951,,1829.28,3.0,59.63
REC-00147,Pump,Day,Process-B,90.378,59.34,1.6176,3.276,117.65,2323.09,1.0,63.623
REC-00148,Pump,Night,Process-B,91.796,70.033,0.4036,3.288,119.01,7799.25,1.0,67.723
REC-00149,Motor,Day,Process-B,110.0,68.957,1.3719,2.69,32.12,1763.14,2.0,46.146
REC-00150,Motor,Day,Utilities,82.527,76.751,,10.193,167.04,11562.12,0.0,64.737
REC-00151,Motor,Evening,Utilities,50.863,72.311,0.7887,5.26,42.53,2286.41,0.0,45.86
REC-00152,Pump,Day,Process-B,78.824,82.947,1.4191,,97.52,3078.49,2.0,86.481
REC-00153,Pump,Day,Utilities,49.219,77.483,1.4356,6.29,80.93,1673.73,1.0,57.198
REC-00154,Motor,Day,Process-A,92.807,,4.1299,9.648,27.6,6541.24,1.0,66.538
REC-00155,Pump,Evening,Packaging,92.164,63.953,1.5473,4.559,38.18,,2.0,55.82
REC-00156,Motor,Night,Process-A,80.129,47.115,0.85,11.735,36.77,2895.32,3.0,57.332
REC-00157,Pump,Evening,Process-A,94.849,64.868,1.0841,13.744,102.78,5810.37,4.0,73.699
REC-00158,Fan,Day,Utilities,64.58,,2.4751,3.354,230.58,4086.11,0.0,58.582
REC-00159,Compressor,Day,Process-A,73.528,67.603,,3.203,42.35,4757.72,3.0,74.35
REC-00160,Compressor,Day,Packaging,73.82,65.67,0.6597,1.101,262.91,9911.25,2.0,64.8
REC-00161,Fan,Day,Utilities,,69.845,2.6169,1.637,252.05,1577.24,2.0,53.463
REC-00162,Pump,Evening,Process-A,80.067,63.204,1.7388,5.025,40.49,8984.35,1.0,64.958
REC-00163,Fan,Evening,Process-A,84.513,55.351,1.1637,6.824,110.16,3378.61,3.0,51.639
REC-00164,Pump,Evening,Utilities,77.286,76.96,2.4268,7.798,160.81,3588.16,2.0,84.763
REC-00165,Pump,Day,Process-B,98.773,75.453,1.5453,2.223,,2676.47,0.0,72.718
REC-00166,Pump,Night,Packaging,56.113,71.507,3.13,13.045,80.67,4696.71,1.0,77.174
REC-00167,Motor,Day,Process-A,74.305,69.359,2.0784,9.663,92.91,9965.84,3.0,68.571
REC-00168,Motor,Day,Packaging,72.715,60.672,1.1594,5.538,127.38,2985.57,2.0,47.29
REC-00169,Motor,Night,Process-A,84.205,59.946,2.4259,15.68,174.83,5636.56,3.0,85.536
REC-00170,Motor,Evening,Process-A,82.281,73.738,1.2185,2.843,89.81,1085.28,1.0,58.364
REC-00171,Motor,Night,Process-B,82.982,83.202,1.6343,2.346,42.95,3574.23,2.0,63.766
REC-00172,Fan,Day,Packaging,81.943,60.493,2.0143,12.447,61.64,4196.06,1.0,40.622
REC-00173,Fan,Evening,Process-B,80.29,62.129,1.3183,17.243,1.78,4486.08,2.0,53.499
REC-00174,Compressor,Night,Process-A,49.61,52.875,1.5502,5.173,121.07,4019.11,2.0,79.271
REC-00175,Pump,,Process-A,54.631,63.843,1.6502,4.126,40.67,5888.33,2.0,65.132
REC-00176,Motor,Evening,Process-A,60.898,85.553,,5.543,,4625.9,0.0,58.427
REC-00177,Motor,Day,Utilities,91.431,63.808,0.4821,5.749,30.33,6945.71,3.0,45.374
REC-00178,Compressor,Day,Process-A,52.024,77.216,1.3676,1.851,37.67,2536.29,3.0,60.56
REC-00179,Motor,Evening,Process-B,70.803,72.742,1.4966,1.045,130.37,5875.17,0.0,67.474
REC-00180,Compressor,Night,Process-A,67.285,51.612,0.8191,5.265,46.25,5437.25,1.0,93.687
REC-00181,Motor,Night,Process-B,67.403,65.271,1.7476,2.534,50.99,3025.58,1.0,58.944
REC-00182,Pump,Night,Process-A,47.513,68.036,1.4906,6.95,56.54,7621.87,2.0,73.411
REC-00183,Fan,Day,Packaging,88.618,78.638,1.2793,9.264,102.83,5781.54,2.0,51.142
REC-00184,Motor,Night,Process-B,67.036,65.674,1.1256,7.315,91.89,11144.46,1.0,77.959
REC-00185,Compressor,Evening,Utilities,71.254,48.54,1.6078,6.66,54.91,6467.48,0.0,67.303
REC-00186,Pump,Day,Process-B,95.622,68.081,1.9544,8.0,59.46,5855.53,2.0,73.758
REC-00187,Pump,Evening,Packaging,67.959,,2.9554,4.892,24.87,2589.78,0.0,57.569
REC-00188,Compressor,,Process-B,65.206,55.436,1.3712,,64.05,2993.26,0.0,73.032
REC-00189,Motor,Evening,Process-B,65.052,65.004,4.2274,9.776,100.17,5946.18,2.0,79.337
REC-00190,Motor,Day,Packaging,51.063,70.249,0.9984,5.224,89.71,5162.08,1.0,41.12
REC-00191,Fan,Night,Packaging,81.106,67.842,1.0468,2.703,39.0,11098.34,0.0,39.37
REC-00192,Motor,Evening,,75.636,68.567,,6.377,170.6,5148.95,2.0,70.904
REC-00193,Fan,Evening,Process-B,79.562,55.623,1.9942,5.213,,3718.18,0.0,65.349
REC-00194,Compressor,Day,Process-B,102.962,,2.3839,0.795,90.56,11613.4,1.0,95.662
REC-00195,Compressor,Night,Utilities,53.696,64.884,0.8151,5.247,88.76,7807.37,3.0,71.682
REC-00196,Pump,Day,Process-B,58.6,72.57,1.4386,9.941,63.2,2919.84,2.0,71.368
REC-00197,Compressor,Night,Utilities,85.184,63.353,,2.769,158.42,1089.57,1.0,77.926
REC-00198,Compressor,Night,Process-A,65.345,65.394,1.0545,12.437,,2712.16,1.0,85.564
REC-00199,Motor,Day,Packaging,55.13,69.947,1.7831,17.957,90.51,2856.02,2.0,54.017
REC-00200,Fan,Day,Utilities,61.024,63.841,1.181,2.868,64.45,1699.34,2.0,35.258
REC-00201,Pump,Night,Process-B,56.697,73.403,2.7989,4.296,36.45,,0.0,77.39
REC-00202,Fan,Night,,68.315,68.295,1.6184,3.624,138.38,2413.18,3.0,57.123
REC-00203,Motor,Night,Process-A,88.587,67.345,0.8512,10.479,77.89,2431.76,1.0,61.032
REC-00204,Motor,Evening,Utilities,71.477,74.027,2.1986,12.477,,3159.72,1.0,67.628
REC-00205,Compressor,Day,Process-A,81.082,73.988,1.807,5.176,113.46,6049.97,4.0,74.803
REC-00206,Compressor,Day,Process-B,55.622,61.387,1.129,0.854,64.85,5462.43,1.0,59.234
REC-00207,Motor,Day,Process-A,81.351,72.453,3.8897,22.0,137.16,,2.0,77.824
REC-00208,Motor,Night,Packaging,59.963,61.813,2.3358,5.752,160.8,10618.19,1.0,70.14
REC-00209,Compressor,Evening,Packaging,91.204,71.676,1.5846,13.919,,7386.86,1.0,93.053
REC-00210,Motor,,Utilities,81.581,43.463,3.328,2.983,174.0,3978.07,0.0,69.964
REC-00211,Motor,Day,Utilities,78.531,73.235,1.74,21.884,44.04,6984.68,0.0,56.549
REC-00212,Fan,Day,Process-A,103.755,69.329,1.7995,4.003,16.05,5384.67,0.0,49.003
REC-00213,Fan,Evening,Process-B,82.168,66.693,1.6365,10.845,38.77,5195.48,1.0,53.183
REC-00214,Compressor,Evening,Process-A,85.816,65.965,3.01,1.763,64.91,16948.73,3.0,108.955
REC-00215,Pump,Day,Process-B,66.003,82.904,1.1393,0.937,,3128.35,1.0,62.355
REC-00216,Fan,Night,Process-B,71.532,79.522,1.0949,20.596,21.88,5314.67,0.0,75.794
REC-00217,Fan,Day,Process-B,68.267,67.53,2.7585,2.015,62.5,1470.4,3.0,58.659
REC-00218,Pump,Day,Packaging,75.609,65.011,1.1419,7.239,122.48,916.79,3.0,61.136
REC-00219,Compressor,Day,Process-B,91.811,54.235,0.6655,4.855,12.9,5748.76,2.0,86.166
REC-00220,Compressor,,Process-A,68.837,64.588,0.9719,7.101,74.67,5567.46,1.0,76.325
REC-00221,Compressor,Day,Packaging,54.302,79.176,1.0264,5.659,39.52,10051.93,2.0,62.701
REC-00222,Pump,Evening,Process-A,103.2,67.297,2.4908,6.231,73.17,1708.46,2.0,76.982
REC-00223,Fan,Day,Packaging,82.713,52.138,0.6871,4.309,73.04,2137.71,,28.582
REC-00224,Fan,Day,,79.957,73.969,1.2064,1.594,28.09,4384.39,2.0,53.073
REC-00225,,Evening,Packaging,,72.477,1.5714,5.895,67.59,8155.07,0.0,53.76
REC-00226,Pump,Night,Process-B,69.093,67.662,1.526,8.913,17.93,4310.84,1.0,85.267
REC-00227,Motor,,Process-A,71.374,52.797,1.9528,5.518,139.74,1190.19,1.0,45.562
REC-00228,Fan,Day,Process-B,73.664,77.656,1.0576,4.391,45.96,2324.6,1.0,55.531
REC-00229,Pump,Day,Packaging,,84.212,2.3966,9.493,90.77,3602.73,0.0,67.116
REC-00230,Motor,Night,Packaging,,58.285,2.0638,9.037,62.74,166.54,1.0,53.284
REC-00231,Motor,Day,Process-A,76.801,65.249,1.4683,0.722,33.77,16814.35,0.0,60.983
REC-00232,Fan,Day,Utilities,74.484,64.417,2.4977,5.927,57.81,2197.99,1.0,49.752
REC-00233,Motor,Day,Process-B,58.627,56.077,1.5817,4.657,53.89,2586.57,3.0,64.458
REC-00234,Motor,Evening,Process-B,35.926,,0.8115,3.049,51.77,1518.3,1.0,48.045
REC-00235,Motor,Evening,Process-B,96.166,68.367,2.7989,9.297,120.08,3958.23,2.0,83.998
REC-00236,Motor,Night,Packaging,79.493,75.407,5.1604,12.203,157.65,366.94,1.0,84.413
REC-00237,Motor,Day,,60.698,69.78,3.0858,6.153,37.32,5250.63,0.0,62.813
REC-00238,Compressor,Evening,Process-B,26.071,72.143,2.5897,3.046,93.55,731.37,1.0,60.216
REC-00239,Motor,Day,Process-B,54.325,50.733,3.6514,11.958,,1842.89,2.0,69.869
REC-00240,Pump,Evening,Process-A,48.893,71.24,2.9095,4.578,131.37,10630.57,2.0,78.677
REC-00241,Compressor,Day,Process-B,101.926,52.51,1.1528,4.29,45.84,2863.19,1.0,82.375
REC-00242,Motor,Day,,,61.291,1.3888,5.614,90.47,1633.25,0.0,36.413
REC-00243,Fan,Night,Process-A,42.719,66.551,1.5154,7.857,93.62,4443.69,1.0,55.287
REC-00244,Pump,Day,Process-B,88.887,63.836,2.2879,7.863,14.45,2395.76,2.0,61.889
REC-00245,Motor,Day,Packaging,62.849,74.656,3.8454,6.624,31.59,2358.92,0.0,60.262
REC-00246,Pump,Day,Process-B,84.714,62.887,,11.114,87.28,2875.68,0.0,62.655
REC-00247,Pump,Night,Process-B,52.909,65.212,2.1286,3.591,94.09,3045.23,4.0,68.813
REC-00248,Motor,Evening,Process-B,88.021,58.603,3.0596,9.497,97.2,1911.53,1.0,74.333
REC-00249,Compressor,Day,Process-A,80.042,67.59,0.5358,5.069,176.72,3417.17,1.0,70.124
REC-00250,Motor,Evening,Utilities,78.274,84.73,2.4538,1.039,123.55,4368.74,3.0,58.886
REC-00251,Compressor,Night,Process-B,84.463,80.694,2.2625,4.9,63.5,5825.03,5.0,114.471
REC-00252,Pump,Night,Process-A,45.976,59.926,0.9748,5.778,158.57,4357.22,1.0,75.259
REC-00253,Pump,Evening,Process-A,57.723,75.759,3.9742,3.378,97.59,3910.66,1.0,73.718
REC-00254,Pump,Day,Process-A,42.617,64.714,,4.914,13.02,,2.0,65.55
REC-00255,Pump,Day,Process-B,60.702,68.387,2.0308,8.781,179.23,1987.73,2.0,62.009
REC-00256,Pump,Day,Packaging,75.44,55.402,,2.818,58.67,5189.82,2.0,50.24
REC-00257,Compressor,Day,Process-B,80.35,66.075,,4.415,60.74,2466.36,0.0,80.536
REC-00258,Motor,Evening,Process-A,41.398,,1.4626,17.162,114.93,2762.13,1.0,44.641
REC-00259,,Evening,Utilities,33.666,63.498,2.3389,6.953,18.41,3089.5,3.0,39.98
REC-00260,Pump,Day,Process-A,47.505,65.535,1.502,9.469,121.99,11385.63,2.0,62.441
REC-00261,Pump,Day,Packaging,69.11,74.127,1.1066,13.254,97.14,2319.27,1.0,45.985
REC-00262,Compressor,Day,Utilities,48.395,59.952,3.5665,0.994,78.1,,,68.315
REC-00263,Pump,Night,Process-B,68.548,72.56,4.3599,9.217,,5931.21,1.0,95.755
REC-00264,,Day,Process-A,59.136,72.466,0.722,8.57,48.22,12210.5,1.0,86.169
REC-00265,Compressor,Day,Process-B,71.557,65.173,1.5789,4.635,119.39,6357.03,2.0,90.095
REC-00266,Fan,Evening,Utilities,82.497,83.738,1.9993,11.756,68.21,7886.86,1.0,66.384
REC-00267,Fan,Night,Utilities,82.468,73.182,1.2896,10.675,53.12,4549.15,1.0,55.867
REC-00268,Motor,Day,,91.44,64.409,0.5546,22.0,36.33,1767.99,0.0,68.449
REC-00269,,Day,Process-B,63.691,82.282,1.7063,,109.22,2941.45,3.0,67.585
REC-00270,Motor,Day,Process-A,48.006,88.87,1.9146,14.283,44.85,4485.25,1.0,73.88
REC-00271,Motor,Day,Process-A,74.157,61.792,2.0403,1.668,81.02,2309.83,1.0,45.586
REC-00272,Motor,Day,Process-B,63.603,65.912,2.8967,1.029,74.42,2311.65,1.0,54.021
REC-00273,Compressor,Evening,Utilities,,66.383,1.7507,6.967,122.11,4768.71,1.0,69.005
REC-00274,Pump,Day,Process-B,89.748,66.984,2.427,6.216,74.71,6148.33,1.0,66.177
REC-00275,Pump,Evening,Utilities,49.694,66.079,1.3987,6.321,39.37,2167.23,2.0,59.435
REC-00276,Pump,Day,Process-B,69.124,61.6,1.0727,17.298,,2051.37,0.0,81.608
REC-00277,Motor,Day,Packaging,66.168,56.962,0.6377,5.321,190.1,8413.3,2.0,54.972
REC-00278,Pump,Day,Process-A,61.908,47.045,0.9249,2.761,15.27,7954.09,0.0,63.315
REC-00279,,Evening,Process-B,73.672,58.721,1.5236,4.4,324.04,4395.52,1.0,79.293
REC-00280,Motor,Evening,Packaging,48.88,63.295,,3.346,29.75,7742.51,2.0,45.286
REC-00281,Fan,Night,Process-A,51.407,,0.4738,0.463,268.1,6288.24,0.0,51.551
REC-00282,Motor,Day,Process-B,75.26,69.522,1.541,14.251,43.19,2814.75,3.0,67.509
REC-00283,,Evening,Process-A,,77.49,1.8214,7.266,41.56,11533.88,2.0,75.48
REC-00284,Fan,Day,Process-A,68.159,62.393,2.7881,9.822,36.89,5247.46,0.0,45.875
REC-00285,Motor,Day,Utilities,90.062,57.707,0.9212,3.064,77.21,2346.88,1.0,34.445
REC-00286,Fan,Evening,Process-A,79.804,60.137,3.7433,,56.54,9000.11,0.0,70.272
REC-00287,,Day,Process-A,60.218,75.987,4.7793,11.502,43.2,2584.08,2.0,64.003
REC-00288,Pump,Day,Process-A,86.455,74.618,2.283,0.659,49.62,1306.01,5.0,65.53
REC-00289,Fan,Day,Utilities,61.778,75.298,2.6287,10.282,43.08,6439.23,4.0,58.202
REC-00290,Motor,Night,Process-A,39.594,81.801,1.0695,5.36,107.87,3116.64,3.0,75.975
REC-00291,Pump,Evening,Utilities,,70.227,1.4772,2.033,46.82,10702.89,3.0,61.349
REC-00292,Pump,Evening,Packaging,72.306,54.208,1.8743,12.443,99.01,2376.19,1.0,55.602
REC-00293,Pump,Night,Process-B,83.159,59.342,2.1936,12.863,39.43,4922.43,,86.078
REC-00294,Motor,Day,Process-A,82.249,75.215,1.2817,7.153,,8770.36,3.0,53.026
REC-00295,Pump,Day,Process-B,89.094,59.732,1.9608,6.056,208.23,7659.19,3.0,83.033
REC-00296,Motor,Night,Utilities,59.909,64.11,1.6715,3.554,,4684.59,3.0,47.617
REC-00297,Pump,Night,Utilities,,77.902,1.0146,3.404,75.31,10268.76,1.0,73.996
REC-00298,Compressor,Night,Process-A,78.97,61.485,1.1049,1.794,31.59,6753.99,1.0,68.599
REC-00299,Pump,Day,Utilities,62.504,66.826,1.3045,14.886,48.48,9501.34,1.0,74.917
REC-00300,Motor,Day,Process-A,84.841,62.619,2.6031,7.314,49.31,3702.86,2.0,57.657
REC-00301,Motor,Night,Process-A,103.068,,1.1197,9.541,176.04,4131.86,0.0,80.049
REC-00302,Fan,Evening,Process-B,85.74,74.823,4.7717,5.339,57.27,2418.08,2.0,67.109
REC-00303,Motor,Night,Process-B,71.103,64.709,1.2442,6.711,73.67,7189.74,4.0,85.341
REC-00304,Pump,Evening,Process-B,69.727,70.933,3.4019,7.694,226.41,1836.35,,79.198
REC-00305,Motor,Day,Process-B,55.998,63.748,1.1526,1.77,15.55,1838.1,,51.205
REC-00306,Motor,Night,Process-A,65.777,63.221,,12.534,37.04,2209.64,1.0,66.615
REC-00307,Fan,Day,Packaging,60.529,62.023,1.4107,0.847,,13447.39,0.0,35.454
REC-00308,Motor,Day,Packaging,67.366,53.347,2.0393,6.444,85.6,3530.04,2.0,48.509
REC-00309,Motor,Night,Process-A,,61.922,2.0029,9.18,25.7,12758.21,1.0,75.432
REC-00310,Fan,Day,Process-A,34.544,55.56,3.2147,7.458,66.76,2590.55,2.0,44.258
REC-00311,Fan,Day,Process-A,59.618,71.698,2.4214,17.002,221.97,2495.04,2.0,68.489
REC-00312,Compressor,Day,Process-A,90.449,72.916,1.067,9.575,85.51,10973.74,2.0,88.504
REC-00313,Fan,Day,Process-A,60.916,88.355,3.128,5.714,43.59,4316.37,0.0,82.073
REC-00314,Motor,Night,Packaging,55.422,79.599,3.5038,4.162,30.97,8300.79,0.0,64.945
REC-00315,Pump,Day,Utilities,96.252,,1.6089,7.461,319.69,5626.07,1.0,74.663
REC-00316,Pump,Day,Utilities,84.379,45.203,1.4793,11.006,105.88,5323.91,3.0,68.924
REC-00317,Motor,Night,,101.062,59.655,0.9717,8.344,64.92,3724.97,2.0,58.221
REC-00318,Motor,Day,Process-A,77.332,57.051,1.0096,4.316,58.36,,5.0,50.553
REC-00319,Motor,Day,Process-B,81.238,60.291,1.4882,2.069,9.72,9518.2,3.0,60.475
REC-00320,Pump,Day,,75.597,,,2.339,79.04,6719.28,2.0,57.139
REC-00321,Compressor,Day,Process-A,81.289,64.722,1.7147,5.711,6.64,7635.59,1.0,70.428
REC-00322,Motor,Day,Process-B,59.206,62.186,2.913,0.7,70.53,2564.26,0.0,44.652
REC-00323,Pump,Evening,Process-A,36.334,69.464,2.8662,3.156,64.67,3659.39,0.0,55.067
REC-00324,Compressor,Day,Process-A,58.131,63.974,1.6144,19.467,97.78,8090.21,2.0,85.387
REC-00325,Pump,Night,Process-B,68.753,60.504,2.1841,7.673,134.03,3556.9,2.0,83.044
REC-00326,Fan,Day,Utilities,72.954,70.464,1.7187,7.746,134.57,990.67,0.0,40.595
REC-00327,Fan,Night,Process-B,52.894,,1.5773,0.685,33.89,7257.99,2.0,76.969
REC-00328,Motor,Night,Process-A,61.218,60.528,1.77,4.616,104.43,4094.14,1.0,67.169
REC-00329,Motor,Day,Process-A,64.706,76.069,3.0522,5.118,15.06,4750.28,1.0,49.994
REC-00330,Motor,Evening,Process-A,95.969,75.172,2.2586,4.363,108.27,973.7,0.0,55.539
REC-00331,Pump,Night,Process-B,94.162,77.764,1.6096,4.319,88.34,5826.93,1.0,84.513
REC-00332,Motor,Day,Process-B,76.788,67.415,1.8851,4.133,80.51,4066.33,2.0,49.818
REC-00333,Fan,Day,Packaging,70.52,73.473,,3.228,76.51,2057.53,0.0,32.946
REC-00334,Motor,Evening,Process-B,,68.918,4.3785,3.495,81.43,6057.2,1.0,72.643
REC-00335,Fan,Evening,Process-B,73.951,79.275,1.9313,2.291,142.11,4104.4,1.0,68.121
REC-00336,Compressor,Night,Process-B,93.671,71.406,1.1489,6.877,132.74,,3.0,111.873
REC-00337,Motor,Day,,63.776,,1.6471,3.849,79.36,4001.3,1.0,53.866
REC-00338,Compressor,Day,Process-B,66.952,58.646,1.2863,1.017,114.44,531.74,0.0,57.41
REC-00339,Compressor,Day,Process-A,56.505,71.202,3.0118,1.45,39.96,4397.3,1.0,77.765
REC-00340,Compressor,Day,Packaging,63.034,62.794,0.9731,13.99,71.75,3554.88,5.0,69.257
REC-00341,,Evening,Process-A,62.38,71.838,,7.811,98.6,6000.67,2.0,72.521
REC-00342,Compressor,Evening,Utilities,63.425,83.663,2.4054,10.751,194.45,7510.49,,102.51
REC-00343,,Night,Packaging,74.056,85.822,1.7632,12.525,98.06,3747.28,4.0,77.529
REC-00344,Motor,Day,Process-B,79.917,89.617,2.6674,,38.16,5134.18,4.0,103.705
REC-00345,Fan,Day,Process-B,,48.881,,2.684,35.86,5314.1,,61.371
REC-00346,Compressor,Evening,Utilities,83.969,73.55,2.9186,22.0,173.15,2803.08,1.0,107.524
REC-00347,Pump,Day,Process-B,79.6,74.204,1.4507,6.581,81.53,6675.96,0.0,78.224
REC-00348,Motor,Day,Packaging,86.935,77.141,1.5845,1.962,6.05,1239.56,0.0,42.49
REC-00349,Pump,Day,Packaging,75.515,69.557,2.2053,7.875,7.21,5009.01,,56.424
REC-00350,Compressor,Day,Utilities,,53.989,,2.859,116.57,5340.23,,61.178
REC-00351,Fan,Evening,Process-A,,69.088,1.6854,4.896,78.16,13519.31,3.0,84.189
REC-00352,Fan,Evening,Process-A,54.45,65.69,3.3639,5.932,107.36,4225.94,1.0,56.32
REC-00353,Compressor,Day,Packaging,105.856,77.616,1.5317,9.396,156.86,7689.38,1.0,106.536
REC-00354,Motor,Day,Process-B,74.361,76.12,1.2744,6.967,80.35,2429.73,1.0,74.646
REC-00355,Pump,Day,,59.992,65.3,2.8996,4.181,141.64,,1.0,67.905
REC-00356,Motor,Evening,Utilities,82.388,69.699,1.2181,3.851,78.65,6331.86,3.0,61.34
REC-00357,Motor,Night,Utilities,33.53,55.295,1.1784,11.62,11.74,4349.53,1.0,47.617
REC-00358,Motor,Day,Process-B,80.011,74.741,1.4651,22.0,42.64,3262.29,0.0,72.795
REC-00359,Motor,Evening,Process-B,79.801,56.491,2.6667,3.63,132.42,3433.75,1.0,70.365
REC-00360,Motor,Day,,50.371,62.548,3.0489,5.034,132.68,1364.96,2.0,40.358
REC-00361,Motor,Day,Packaging,89.91,83.861,2.562,8.376,51.17,2124.92,2.0,68.026
REC-00362,Motor,Day,Process-A,71.828,64.74,0.974,6.575,130.57,1187.89,3.0,48.002
REC-00363,Motor,Day,,95.354,86.68,2.3479,6.762,,3342.89,3.0,57.741
REC-00364,Compressor,Day,Process-B,,57.894,2.1108,0.542,205.16,9952.01,,81.874
REC-00365,Compressor,Day,Packaging,,75.505,0.8564,5.312,123.84,8967.79,3.0,76.355
REC-00366,Pump,Evening,Process-B,110.0,65.817,1.1835,3.138,91.49,2739.74,1.0,77.126
REC-00367,Fan,,Utilities,87.49,,0.9118,3.811,8.27,2171.71,1.0,38.269
REC-00368,Compressor,Day,Process-B,85.056,70.409,1.4739,4.389,126.62,5854.4,1.0,92.57
REC-00369,Fan,Day,Process-A,77.991,68.553,,6.351,146.9,4801.69,1.0,60.872
REC-00370,Motor,Night,Utilities,38.335,65.394,1.1913,4.883,3.13,2909.34,1.0,42.833
REC-00371,Fan,Day,Utilities,,69.298,1.9769,3.055,115.24,5603.97,1.0,52.904
REC-00372,Motor,Night,Process-A,93.671,77.457,0.8559,5.354,80.55,2149.25,0.0,63.206
REC-00373,Compressor,Evening,Utilities,82.199,63.341,1.0454,3.971,102.99,8403.32,2.0,83.495
REC-00374,Motor,Day,Utilities,,73.852,3.7925,7.613,4.12,3561.11,3.0,58.641
REC-00375,Motor,Evening,Process-A,88.937,76.682,1.818,,76.51,4441.15,4.0,72.531
REC-00376,Motor,Day,Process-A,32.672,77.039,1.6884,2.51,76.48,4636.12,1.0,49.601
REC-00377,Pump,Night,Process-A,49.239,70.848,1.9064,11.255,73.09,2597.2,0.0,61.87
REC-00378,Compressor,Day,Process-A,56.46,89.657,2.7561,8.469,46.59,5547.04,1.0,102.987
REC-00379,Fan,Night,Process-A,96.934,73.3,2.2038,7.241,,5310.91,0.0,55.124
REC-00380,Compressor,Day,Process-A,60.626,54.683,1.8174,5.969,22.14,3714.96,0.0,66.562
REC-00381,Motor,Day,Process-A,63.385,55.848,2.3822,6.635,146.29,5322.53,0.0,52.724
REC-00382,Compressor,Day,Utilities,89.104,70.296,2.1044,8.86,25.78,10347.83,1.0,82.739
REC-00383,Fan,Evening,Process-A,88.594,63.841,1.2851,1.057,82.52,1429.62,0.0,49.659
REC-00384,Pump,Night,Process-A,96.964,68.828,0.8034,9.737,110.55,3645.32,0.0,66.776
REC-00385,Fan,Day,Process-A,98.531,64.219,,6.341,103.7,1370.91,3.0,50.905
REC-00386,Motor,Night,Packaging,85.992,58.323,2.3548,2.61,25.14,4659.65,0.0,46.158
REC-00387,Motor,Evening,Utilities,85.542,62.267,1.2624,3.912,37.08,3896.76,3.0,63.396
REC-00388,Compressor,Evening,Process-B,70.934,66.094,4.4795,16.221,3.07,6087.21,2.0,119.558
REC-00389,Fan,Evening,Process-B,63.512,72.805,2.3514,4.181,59.54,16524.14,2.0,77.248
REC-00390,Motor,Night,Utilities,76.417,74.256,,8.96,118.04,5313.34,0.0,51.084
REC-00391,Pump,Day,Utilities,,64.282,0.9606,8.238,19.51,7044.89,,68.89
REC-00392,Fan,,Packaging,67.334,66.331,1.5045,,164.85,9475.35,0.0,34.891
REC-00393,Fan,Day,Packaging,91.424,56.521,3.4144,9.019,11.43,6343.09,0.0,66.163
REC-00394,Pump,Night,Process-B,76.686,54.628,1.8098,9.459,22.67,13097.19,2.0,89.499
REC-00395,Motor,Day,Process-B,110.0,63.462,1.5473,5.97,147.47,2673.94,1.0,81.473
REC-00396,Pump,Evening,Process-A,87.566,64.734,1.5262,6.895,48.03,,3.0,71.137
REC-00397,Compressor,Day,,75.698,51.638,2.0603,4.998,253.05,3471.75,1.0,72.71
REC-00398,Pump,Evening,Packaging,45.266,54.921,2.6428,3.791,124.0,8688.37,1.0,61.792
REC-00399,Compressor,Evening,Process-B,79.62,71.294,1.1958,5.754,,4508.14,1.0,82.579
REC-00400,Fan,Evening,Process-B,74.1,78.338,2.7134,9.05,41.22,1007.87,2.0,73.101
REC-00401,Motor,Day,Packaging,80.476,81.634,1.1944,11.105,66.79,541.78,1.0,55.057
REC-00402,Pump,Evening,Process-A,83.703,66.796,1.1572,10.841,12.39,10649.48,1.0,78.156
REC-00403,Motor,Day,Utilities,65.123,88.738,4.0464,5.694,100.59,1704.14,2.0,90.674
REC-00404,Compressor,Night,,80.362,76.552,0.9542,0.2,31.01,1595.29,0.0,64.968
REC-00405,Pump,,Process-A,68.756,73.305,,14.593,115.04,4878.35,3.0,79.414
REC-00406,Motor,Evening,Process-A,75.441,64.933,0.5907,5.926,108.38,2103.16,4.0,63.326
REC-00407,Compressor,Day,Process-A,80.407,63.138,2.8904,,30.7,4446.87,2.0,75.602
REC-00408,Compressor,Day,Utilities,73.557,59.47,,6.232,67.42,3139.25,1.0,53.047
REC-00409,Motor,,Process-A,80.588,74.564,1.2244,12.562,18.94,10599.1,1.0,77.668
REC-00410,Compressor,Evening,Utilities,61.177,65.5,2.1538,2.358,186.06,4146.66,2.0,64.968
REC-00411,Pump,Night,Packaging,82.082,69.266,1.5592,6.073,29.04,1614.31,2.0,55.775
REC-00412,Compressor,Day,Utilities,84.218,65.326,2.2769,6.977,62.49,3465.22,2.0,74.642
REC-00413,Motor,Evening,Process-B,78.024,69.181,2.6778,4.321,20.62,1735.85,0.0,56.035
REC-00414,Pump,Night,Packaging,110.0,56.23,1.9974,4.05,48.62,5123.5,1.0,69.697
REC-00415,Fan,Day,Utilities,39.158,62.452,1.9515,11.137,66.44,6871.9,1.0,47.175
REC-00416,Motor,Night,Process-B,78.215,85.404,1.2775,8.894,38.41,3773.01,1.0,82.162
REC-00417,Pump,Evening,Process-B,53.616,55.517,1.6121,2.509,112.4,7789.03,2.0,70.892
REC-00418,Pump,Evening,Packaging,81.006,72.003,2.1161,13.798,126.05,,0.0,66.873
REC-00419,Pump,Evening,Process-B,73.459,52.494,1.3702,4.645,153.4,5885.08,0.0,64.014
REC-00420,Fan,Night,Process-B,79.276,68.984,2.0035,7.287,19.97,2457.57,,56.71
REC-00421,Motor,Evening,Utilities,100.635,77.843,0.5458,6.115,126.82,4335.26,1.0,51.511
REC-00422,,Day,Utilities,104.13,72.321,1.8948,7.523,287.02,937.87,3.0,70.598
REC-00423,Pump,Day,Utilities,90.602,78.445,1.4166,1.901,45.71,10119.91,0.0,62.449
REC-00424,Compressor,Day,Packaging,48.868,75.902,2.1648,8.23,51.81,3003.72,1.0,58.773
REC-00425,Compressor,Evening,Process-B,70.322,78.296,1.4156,6.361,99.57,3191.7,2.0,90.113
REC-00426,Motor,Day,Utilities,93.197,66.087,3.1124,3.898,119.16,5968.12,0.0,50.837
REC-00427,Pump,Day,Packaging,69.711,75.192,1.1516,14.933,126.29,4725.25,0.0,53.573
REC-00428,Fan,Day,Packaging,65.112,80.187,3.2116,5.498,60.89,3871.87,3.0,56.227
REC-00429,Fan,Day,Process-A,70.629,83.72,2.5527,5.935,61.66,,0.0,66.749
REC-00430,Fan,Evening,Process-A,72.064,53.37,1.2923,3.661,135.2,9802.78,2.0,50.629
REC-00431,Motor,Day,Packaging,65.631,54.314,0.4626,2.016,17.29,4722.45,5.0,30.802
REC-00432,Motor,Evening,Packaging,51.221,76.901,1.1536,12.161,62.19,5325.03,0.0,55.354
REC-00433,Pump,Night,Process-B,82.319,52.857,1.9526,6.144,185.9,5952.21,1.0,76.42
REC-00434,Fan,Night,Packaging,48.656,77.511,,3.562,63.4,9710.02,1.0,55.066
REC-00435,Compressor,Evening,Process-A,71.735,63.286,2.0991,4.67,87.66,2383.69,3.0,81.72
REC-00436,Motor,Day,Process-A,80.2,73.765,1.7763,14.944,247.7,1248.82,0.0,60.978
REC-00437,Pump,Day,Utilities,64.745,63.603,1.9383,4.181,7.75,9012.99,0.0,55.093
REC-00438,Pump,Evening,Process-A,,75.8,1.1757,3.054,158.63,4158.77,1.0,60.771
REC-00439,Motor,Night,Process-B,50.041,79.82,1.4915,3.165,40.88,4738.59,,66.235
REC-00440,Motor,Night,Process-B,89.822,63.483,0.9539,6.492,149.79,2696.84,1.0,59.985
REC-00441,Pump,Day,Packaging,62.036,65.299,3.0289,11.222,45.94,2345.67,3.0,61.387
REC-00442,Compressor,,Packaging,,60.605,1.2449,5.353,181.76,5418.79,1.0,73.852
REC-00443,,Day,Process-A,71.579,66.22,1.2439,11.223,87.51,4673.2,0.0,49.822
REC-00444,Motor,Day,Utilities,83.041,77.356,1.775,3.565,49.54,8731.89,1.0,54.841
REC-00445,Fan,Day,Packaging,75.008,84.134,0.9883,5.635,45.17,3226.7,8.0,60.028
REC-00446,Pump,Day,Process-A,45.757,71.582,1.6985,3.807,127.12,3483.74,2.0,52.806
REC-00447,Pump,Day,Process-B,80.323,49.539,1.4801,6.691,109.28,4832.45,2.0,56.266
REC-00448,Motor,Evening,Process-A,88.235,76.29,0.6083,19.124,12.3,10530.98,2.0,84.876
REC-00449,Compressor,Day,Packaging,49.159,69.086,1.9007,12.357,117.76,3460.41,4.0,76.138
REC-00450,Pump,Night,Process-A,89.405,72.524,2.1402,7.891,8.66,10442.95,0.0,93.008
REC-00451,Motor,,Process-B,76.809,68.217,1.8863,10.237,59.94,6187.0,3.0,83.117
REC-00452,Fan,Day,Utilities,49.696,62.405,,7.144,20.18,3905.09,0.0,33.647
REC-00453,Motor,Evening,Utilities,65.649,64.175,2.2251,6.349,72.66,2454.13,1.0,46.323
REC-00454,Pump,Evening,Packaging,95.837,55.43,0.5267,3.223,59.46,1251.42,3.0,42.552
REC-00455,Motor,Evening,Packaging,53.433,64.557,1.0383,4.499,107.47,4013.49,3.0,46.067
REC-00456,Motor,Night,Utilities,,64.307,2.0733,3.537,17.87,5336.05,1.0,58.51
REC-00457,Motor,,Utilities,88.943,66.466,3.8999,5.59,145.54,1654.43,2.0,75.908
REC-00458,Fan,Night,Process-A,74.6,,2.0504,14.998,55.92,2333.44,0.0,65.181
REC-00459,Fan,Day,Utilities,75.663,69.183,0.7671,1.166,218.43,4770.58,2.0,48.253
REC-00460,Compressor,Evening,Process-B,73.792,65.338,1.1846,5.992,120.75,5998.58,1.0,89.61
REC-00461,Pump,Day,Process-B,43.522,59.404,1.301,6.87,13.46,5883.22,1.0,61.186
REC-00462,,Night,Process-B,77.705,54.558,2.4002,8.613,238.49,5535.72,2.0,86.527
REC-00463,Compressor,Day,Process-A,80.432,60.977,1.5739,3.178,81.1,5508.66,2.0,64.972
REC-00464,Motor,Night,Utilities,81.835,84.444,0.9982,11.521,157.23,11684.46,2.0,96.229
REC-00465,Motor,Evening,Packaging,91.479,65.647,0.4228,14.516,76.53,926.51,4.0,58.651
REC-00466,Fan,Day,Packaging,51.585,68.213,0.9458,5.319,162.01,2722.98,2.0,33.123
REC-00467,Pump,Evening,Process-B,87.766,64.973,,6.237,128.03,4310.58,1.0,65.31
REC-00468,Pump,Night,Process-A,87.826,72.799,,2.866,49.25,8797.37,,84.737
REC-00469,Compressor,,Process-B,81.871,63.086,1.6617,3.008,158.35,5218.42,4.0,96.724
REC-00470,Compressor,Evening,Process-A,63.487,65.709,2.3606,2.326,66.88,,2.0,83.652
REC-00471,Compressor,Night,Packaging,45.175,58.55,3.5162,4.74,51.91,3009.67,2.0,79.072
REC-00472,Pump,Day,Process-B,77.03,84.17,1.0272,3.068,93.85,2829.71,1.0,67.321
REC-00473,Motor,Evening,Process-A,78.488,50.907,2.2898,6.315,17.93,4948.3,0.0,63.277
REC-00474,Motor,Evening,Process-A,86.308,67.576,2.5606,19.761,47.43,2601.23,1.0,67.686
REC-00475,Fan,Night,Utilities,68.072,55.077,1.2732,2.435,100.0,10286.55,1.0,60.703
REC-00476,Motor,Day,Process-A,60.522,59.525,0.8202,2.358,41.13,5186.13,0.0,45.468
REC-00477,Fan,Evening,Packaging,71.494,68.577,1.1403,8.889,,2476.53,0.0,45.473
REC-00478,Pump,Evening,Process-A,86.862,60.687,3.928,,32.46,2666.09,3.0,80.709
REC-00479,Motor,Evening,Packaging,67.407,56.343,3.0777,3.278,79.36,4791.42,4.0,54.851
REC-00480,Pump,Day,Process-B,90.284,58.397,0.5333,1.406,81.76,3311.02,2.0,52.586
REC-00481,Fan,Night,Process-A,77.2,,3.0382,5.855,34.51,1585.33,1.0,57.28
REC-00482,Pump,Day,Packaging,64.552,,0.9677,0.48,112.34,4696.29,1.0,37.627
REC-00483,Compressor,Evening,Packaging,85.375,72.322,3.0157,11.773,177.09,7258.53,1.0,96.226
REC-00484,Fan,Evening,Process-A,76.439,71.441,1.4883,6.367,83.79,15173.98,2.0,73.952
REC-00485,Pump,Evening,Utilities,86.305,66.288,0.96,4.867,58.01,2704.93,1.0,51.688
REC-00486,Motor,Day,Utilities,87.479,69.559,2.0162,4.125,98.58,1610.9,2.0,49.755
REC-00487,Pump,Evening,,88.281,61.6,0.8032,7.069,36.13,4850.5,1.0,56.118
REC-00488,Motor,Evening,Process-B,62.613,77.343,,,33.77,4908.07,1.0,62.754
REC-00489,Pump,Evening,Process-A,,59.318,1.137,7.241,21.62,7098.12,0.0,59.61
REC-00490,Pump,Day,Process-B,67.813,60.478,2.6724,13.042,39.68,975.16,1.0,64.165
REC-00491,Fan,Night,Utilities,66.473,50.133,2.7413,10.739,207.07,,2.0,62.036
REC-00492,Motor,Evening,Utilities,45.796,69.383,0.7243,16.317,17.54,7676.71,2.0,48.344
REC-00493,Compressor,Day,Process-A,71.354,64.667,1.1254,4.575,103.61,2719.07,2.0,76.209
REC-00494,Motor,Night,Process-A,72.671,59.508,1.5324,9.829,84.87,7473.11,3.0,71.942
REC-00495,Fan,Day,Utilities,53.13,90.371,2.505,6.416,173.62,6132.49,0.0,70.311
REC-00496,Pump,Evening,Process-B,87.141,83.405,,3.014,131.33,5194.14,0.0,76.624
REC-00497,Pump,Night,Process-A,59.229,,1.8613,12.875,145.45,1699.05,4.0,92.614
REC-00498,Pump,Night,Process-B,65.377,65.869,1.3244,2.815,84.05,6365.16,2.0,70.487
REC-00499,Fan,Evening,,31.185,51.905,1.1119,11.647,58.35,3683.88,1.0,33.183
REC-00500,Fan,Day,Utilities,90.845,69.104,0.7051,8.476,18.82,2533.54,0.0,38.668
REC-00501,Pump,Day,Packaging,64.609,82.505,1.4663,0.464,,869.44,2.0,36.426
REC-00502,Compressor,Evening,Process-A,81.817,63.302,2.2571,10.887,22.05,13430.22,1.0,94.532
REC-00503,Motor,Evening,Process-B,73.695,52.018,2.064,4.543,147.86,2919.06,1.0,68.484
REC-00504,Compressor,Night,Process-A,85.642,59.949,,8.78,98.55,2899.86,0.0,87.003
REC-00505,Fan,Day,Utilities,76.598,64.185,1.0316,5.437,81.58,9811.74,3.0,53.714
REC-00506,Pump,Day,Packaging,74.829,77.016,,2.271,49.69,4851.51,0.0,51.185
REC-00507,Fan,Day,,56.049,83.956,1.1058,2.133,66.31,5227.52,2.0,67.828
REC-00508,Motor,Evening,Process-B,68.888,,2.0363,3.58,60.68,1126.68,1.0,68.352
REC-00509,Compressor,Evening,Process-B,46.25,45.388,1.5676,8.281,,4229.76,1.0,77.876
REC-00510,Fan,Night,Packaging,56.944,,0.9039,15.541,23.31,4270.19,1.0,54.24
REC-00511,,Day,Utilities,73.317,67.525,1.6338,10.627,57.28,14151.64,2.0,52.779
REC-00512,Motor,Day,Utilities,79.099,68.775,2.4272,1.864,13.14,4445.66,0.0,43.596
REC-00513,Fan,,Process-B,78.151,45.655,3.4597,9.923,42.82,4466.57,1.0,62.554
REC-00514,Pump,Evening,Process-B,69.53,66.746,,10.349,23.0,5610.5,2.0,58.822
REC-00515,Compressor,Day,Process-B,22.506,72.17,,4.122,130.16,3933.98,3.0,67.751
REC-00516,Fan,Day,Process-B,72.661,60.319,,15.63,100.24,,2.0,64.101
REC-00517,Pump,Day,Process-A,38.796,56.268,2.0563,1.544,59.06,2924.29,2.0,53.666
REC-00518,Compressor,Evening,Process-B,,60.128,0.4609,13.315,71.0,10770.19,1.0,106.101
REC-00519,Compressor,Day,Packaging,72.492,67.729,0.9045,5.373,39.96,8699.79,1.0,59.666
REC-00520,Fan,Evening,Process-B,56.262,68.86,2.803,4.65,60.33,7935.96,0.0,63.34
REC-00521,Compressor,Day,,60.981,62.539,1.7013,5.502,11.21,4261.13,2.0,57.165
REC-00522,Pump,Day,Process-B,74.899,,2.1876,2.228,193.18,2039.4,2.0,81.363
REC-00523,Motor,Day,Process-A,39.875,65.181,2.3605,6.758,82.81,5309.67,0.0,51.836
REC-00524,Compressor,Night,Process-B,,60.186,0.9039,2.963,33.27,6438.88,2.0,81.17
REC-00525,Pump,Night,Process-B,79.582,72.413,1.3345,3.782,156.36,1528.3,1.0,74.832
REC-00526,Motor,Evening,Process-A,,67.529,1.0496,7.443,78.49,,1.0,49.667
REC-00527,Motor,Night,Packaging,61.951,49.61,4.5085,2.793,52.44,6526.31,4.0,68.13
REC-00528,Pump,Day,Process-B,78.937,71.42,1.1154,14.637,61.28,2638.31,,90.559
REC-00529,Pump,Day,,59.095,79.741,1.8533,9.635,60.75,4949.97,,64.563
REC-00530,Compressor,Evening,Process-A,75.406,69.925,1.4459,13.141,72.99,4580.57,1.0,78.393
REC-00531,Pump,Day,Process-B,89.404,59.057,1.8641,5.547,35.2,9314.27,0.0,60.197
REC-00532,Compressor,Night,Process-B,70.031,76.376,4.3442,4.909,78.58,15553.1,2.0,117.893
REC-00533,Pump,Evening,Packaging,91.199,55.111,1.335,1.275,66.57,2644.8,5.0,53.573
REC-00534,Compressor,Day,Packaging,52.495,61.961,1.1158,6.91,39.19,7337.89,2.0,52.113
REC-00535,Motor,Day,Process-A,53.875,70.152,2.5543,8.878,60.32,7401.98,3.0,76.649
REC-00536,Fan,Day,Process-A,110.0,68.454,1.1463,10.781,9.66,10270.43,5.0,81.213
REC-00537,Fan,Day,Utilities,62.239,74.509,0.8433,2.922,115.5,1620.37,2.0,42.342
REC-00538,Pump,Night,Packaging,90.894,73.43,1.679,3.643,46.24,2826.28,2.0,64.74
REC-00539,Pump,Day,Process-B,56.644,79.29,3.8295,3.968,,2598.41,2.0,103.059
REC-00540,Motor,Evening,Packaging,91.965,64.887,2.8712,10.15,120.06,5729.38,3.0,56.126
REC-00541,Pump,Day,Utilities,45.518,,,3.475,67.02,4984.19,0.0,31.914
REC-00542,Pump,Night,Process-B,79.338,69.418,1.2168,4.715,16.42,4997.24,3.0,72.312
REC-00543,,Day,Packaging,86.567,72.938,0.9489,7.029,52.58,1623.97,0.0,40.444
REC-00544,Pump,Night,Packaging,103.892,71.413,1.5055,12.684,51.36,390.91,2.0,58.298
REC-00545,Compressor,Evening,Process-B,80.665,57.619,1.7653,8.502,15.5,3416.11,2.0,84.185
REC-00546,Pump,Night,Utilities,94.788,67.408,1.0892,2.823,111.47,3374.41,1.0,60.796
REC-00547,Motor,Evening,Process-B,82.209,71.044,1.1946,10.07,,1776.48,0.0,60.92
REC-00548,Motor,Day,Process-B,56.685,,1.6845,4.307,86.02,,3.0,56.869
REC-00549,Motor,Evening,Packaging,54.566,65.676,1.1611,1.387,107.62,5899.37,3.0,54.53
REC-00550,Pump,Day,Process-B,79.341,59.982,1.8269,4.932,123.09,5728.13,1.0,61.192
REC-00551,Pump,Day,Utilities,85.265,69.021,2.1353,3.041,105.54,6344.32,1.0,51.509
REC-00552,Pump,Day,Packaging,80.292,69.014,2.4673,0.93,47.35,2491.93,0.0,46.633
REC-00553,Pump,Evening,Process-A,85.072,68.337,1.5619,0.334,56.98,2511.05,2.0,64.126
REC-00554,Fan,Evening,Process-A,63.358,76.395,4.2909,4.441,40.41,1462.51,1.0,50.73
REC-00555,Compressor,Day,Utilities,79.332,77.845,3.5671,5.226,19.93,8399.93,4.0,90.643
REC-00556,Motor,Day,Utilities,60.534,56.352,0.7003,,25.2,4400.41,2.0,48.416
REC-00557,Pump,Night,Process-B,44.298,,1.9161,4.743,130.5,8851.03,1.0,76.675
REC-00558,Motor,Day,Process-A,62.578,57.233,2.0244,4.969,54.7,3617.11,0.0,42.34
REC-00559,Pump,Day,Process-B,88.516,70.909,2.3234,12.349,,5184.45,4.0,97.217
REC-00560,Fan,Day,Utilities,77.147,64.769,2.7715,14.254,109.91,4578.17,2.0,52.246
REC-00561,,Evening,Process-B,66.486,75.746,0.6505,2.686,115.39,10725.34,2.0,66.702
REC-00562,Pump,Evening,Process-A,51.082,63.933,1.2812,3.55,102.8,4037.24,3.0,68.164
REC-00563,Fan,Day,Utilities,97.886,58.779,1.635,6.651,39.83,9483.63,2.0,44.811
REC-00564,,Night,Process-A,92.125,60.464,1.3276,3.132,134.3,14650.17,2.0,82.794
REC-00565,Fan,,Process-A,79.556,61.043,1.0857,5.607,102.87,4401.47,2.0,54.251
REC-00566,Pump,Day,Packaging,42.211,73.607,1.564,10.503,40.6,9687.44,0.0,59.815
REC-00567,Motor,Day,Packaging,77.927,71.486,0.9465,6.592,103.6,5502.62,1.0,38.893
REC-00568,Compressor,Day,Utilities,74.202,75.357,1.9327,6.45,24.93,6338.11,0.0,85.637
REC-00569,Motor,Night,Utilities,88.052,66.726,1.0738,3.218,24.87,7520.02,1.0,50.419
REC-00570,Pump,Day,Process-A,41.93,71.472,2.343,3.803,44.5,2672.15,1.0,58.769
REC-00571,Fan,Evening,Packaging,71.031,75.131,2.3291,9.151,59.37,10061.89,0.0,64.146
REC-00572,Compressor,Evening,Packaging,110.0,61.943,3.982,1.981,196.59,1309.5,1.0,90.644
REC-00573,Pump,Night,Process-B,65.732,79.827,,10.445,74.77,6206.54,1.0,78.144
REC-00574,Fan,Day,Process-A,53.031,54.111,2.8992,17.439,26.6,,1.0,45.166
REC-00575,Fan,Evening,Process-B,87.253,51.65,1.5837,6.2,28.53,6710.35,2.0,72.061
REC-00576,Compressor,Day,Process-B,66.225,68.046,1.7324,8.047,112.99,2469.44,1.0,68.888
REC-00577,Fan,Evening,Process-A,53.362,55.005,2.4992,12.221,168.27,6375.72,2.0,74.399
REC-00578,,,Process-B,79.449,71.289,1.2483,2.282,159.48,2671.45,3.0,63.762
REC-00579,Fan,Night,Process-A,75.602,60.362,0.689,20.454,86.02,7737.79,1.0,86.275
REC-00580,Pump,Night,Packaging,52.768,61.314,2.3656,14.515,95.6,5849.47,2.0,80.648
REC-00581,,Day,Utilities,68.486,75.62,1.6563,11.36,79.33,3566.1,1.0,66.254
REC-00582,Compressor,Day,Process-A,110.0,69.622,1.519,11.687,,2430.28,0.0,80.234
REC-00583,Pump,Day,Packaging,59.549,81.084,3.7312,3.98,56.87,989.69,0.0,74.387
REC-00584,Pump,Night,Process-A,78.692,68.366,1.6799,11.814,147.02,9140.99,0.0,80.756
REC-00585,Motor,Evening,Utilities,74.596,72.013,,4.392,139.18,9488.51,3.0,49.603
REC-00586,Motor,Day,Packaging,91.506,54.906,0.8542,12.2,16.7,8287.68,1.0,50.344
REC-00587,Pump,Day,Utilities,73.301,72.588,2.2527,1.257,269.59,11157.39,0.0,77.024
REC-00588,Pump,Night,Process-B,71.971,63.857,3.346,3.502,41.02,,2.0,73.562
REC-00589,Compressor,Day,Process-A,69.567,62.008,1.342,3.35,102.6,7332.84,,75.568
REC-00590,Motor,Night,Process-A,77.562,62.744,1.3598,9.312,80.99,3471.85,1.0,58.204
REC-00591,Compressor,Night,Process-B,59.511,50.99,2.2025,6.184,115.49,2760.01,0.0,81.086
REC-00592,Pump,Day,Packaging,63.712,56.565,1.2626,8.148,197.46,,1.0,59.718
REC-00593,Fan,Day,Utilities,78.773,73.599,2.9908,1.296,93.47,3744.18,3.0,47.724
REC-00594,Motor,Day,Packaging,61.263,68.069,1.1797,1.909,6.89,3193.4,1.0,34.162
REC-00595,Motor,Night,Process-B,84.497,,0.6307,2.441,36.03,,1.0,62.539
REC-00596,Fan,Day,Process-B,82.52,59.128,1.461,22.0,86.18,8798.39,2.0,69.693
REC-00597,Fan,Day,Process-B,89.184,73.244,2.4121,2.04,135.72,7566.3,0.0,71.982
REC-00598,Motor,Evening,Process-A,99.381,60.658,0.5359,4.863,132.7,3641.15,0.0,50.066
REC-00599,Compressor,Evening,Packaging,76.096,58.678,,14.222,51.9,2287.81,1.0,53.647
REC-00600,Fan,Day,Packaging,74.296,65.162,1.0335,9.1,,13928.8,3.0,61.426
REC-00601,Fan,Day,Process-A,53.853,67.276,6.1134,6.791,23.62,3086.79,1.0,66.093
REC-00602,Motor,Day,Process-A,68.3,77.343,1.5147,10.196,130.81,5329.83,2.0,62.57
REC-00603,Fan,Day,Process-A,46.428,76.459,2.1529,5.444,165.29,,3.0,60.836
REC-00604,Fan,Evening,Process-A,66.798,71.214,2.1548,,20.97,2765.59,1.0,51.004
REC-00605,Fan,Day,Process-A,88.247,77.893,1.8621,5.223,14.49,9944.42,2.0,66.545
REC-00606,Pump,Night,Utilities,64.927,,0.8892,9.65,44.29,4685.63,1.0,72.787
REC-00607,Compressor,Day,Utilities,91.367,64.925,3.4681,9.637,107.33,4340.37,0.0,81.124
REC-00608,Compressor,Night,Utilities,74.371,74.461,,6.451,81.06,2812.99,0.0,79.88
REC-00609,Compressor,Night,Process-A,64.278,37.747,,3.625,166.75,4914.49,0.0,81.505
REC-00610,Fan,Night,Packaging,61.2,71.028,1.6315,8.092,79.04,3593.04,1.0,40.827
REC-00611,Motor,Evening,Utilities,62.55,60.17,1.487,2.462,71.68,3988.65,1.0,40.491
REC-00612,Motor,Day,Process-A,53.859,74.39,2.4502,3.194,20.05,4472.33,2.0,50.673
REC-00613,Fan,Day,Utilities,65.555,80.133,,2.674,42.47,,0.0,28.94
REC-00614,Pump,Day,Utilities,69.558,89.785,1.2517,8.257,51.9,10208.36,1.0,73.567
REC-00615,Fan,Day,Utilities,66.92,48.234,2.9543,2.691,94.15,4604.92,0.0,37.689
REC-00616,Fan,Evening,Process-B,46.532,59.22,0.5974,1.864,36.35,3973.38,0.0,46.656
REC-00617,Pump,Day,Utilities,101.973,66.173,1.8098,4.586,86.43,3301.48,2.0,66.45
REC-00618,Pump,Evening,Packaging,108.406,85.485,2.5097,4.408,,12690.87,1.0,92.778
REC-00619,Pump,Night,Process-A,71.821,35.0,3.9388,3.72,124.18,6105.12,3.0,85.054
REC-00620,Pump,Night,Utilities,63.493,78.301,1.2054,8.829,,8971.29,1.0,85.506
REC-00621,Motor,Evening,Packaging,56.322,53.955,3.8245,5.855,98.17,8215.75,3.0,59.709
REC-00622,Pump,Day,Utilities,56.157,60.896,1.1664,9.554,146.35,10703.94,0.0,60.442
REC-00623,Pump,Evening,Process-B,49.096,64.759,1.2474,11.275,82.5,1555.87,1.0,61.542
REC-00624,Motor,Night,Process-B,66.192,73.98,3.1548,13.4,132.77,5357.38,4.0,99.891
REC-00625,Fan,Day,Process-B,75.485,57.631,,3.83,164.74,,0.0,51.12
REC-00626,,Night,Packaging,86.05,86.608,3.0025,3.417,49.06,6733.04,3.0,122.139
REC-00627,Motor,Day,Process-B,64.315,65.987,1.0612,3.966,62.38,6871.05,2.0,64.881
REC-00628,Fan,Day,Process-B,91.73,51.952,1.6767,2.175,32.54,5327.2,0.0,31.812
REC-00629,,Night,Packaging,53.547,52.11,1.5452,0.941,66.43,1647.3,0.0,47.922
REC-00630,Motor,Day,Packaging,80.857,58.613,1.526,10.168,11.39,2150.08,3.0,35.688
REC-00631,Motor,Evening,Utilities,73.465,64.525,0.8913,,134.01,8628.83,,55.872
REC-00632,Fan,Evening,Utilities,70.043,93.127,2.5153,5.295,41.82,3967.4,1.0,68.895
REC-00633,Compressor,Night,Process-B,73.57,,,22.0,125.37,7040.96,1.0,99.36
REC-00634,Pump,Day,Utilities,62.389,62.454,1.4939,1.856,79.06,7272.68,,44.508
REC-00635,Motor,Evening,Process-B,63.318,78.486,,8.837,60.82,2731.49,0.0,60.684
REC-00636,Compressor,Evening,Utilities,85.845,76.888,1.407,5.825,50.22,3192.04,3.0,82.516
REC-00637,Motor,Day,Process-A,70.409,78.942,1.553,4.981,38.68,6853.78,0.0,67.623
REC-00638,Pump,Evening,Process-B,64.767,68.261,1.0333,7.605,156.08,11403.13,1.0,81.714
REC-00639,Fan,Day,Process-B,86.448,60.109,1.7744,4.824,160.74,4326.3,1.0,61.304
REC-00640,Compressor,Day,Utilities,69.265,,1.1005,7.331,58.61,3667.7,2.0,60.941
REC-00641,Compressor,Day,Process-B,69.537,76.705,0.3339,5.635,44.44,1121.75,1.0,70.883
REC-00642,Fan,,Packaging,94.479,63.795,1.2239,6.259,68.1,3097.24,1.0,36.397
REC-00643,Motor,Day,Process-B,67.153,72.6,2.4181,0.766,137.37,3992.28,2.0,60.136
REC-00644,Compressor,Evening,Process-B,70.426,53.026,0.701,9.687,111.96,5180.21,3.0,88.158
REC-00645,Motor,Day,Packaging,44.882,48.818,3.1948,,201.5,5216.85,1.0,54.829
REC-00646,Pump,Evening,Process-A,31.447,76.935,0.8564,3.373,,596.93,0.0,45.459
REC-00647,Pump,Evening,Process-B,60.23,,1.3926,3.183,,5766.71,1.0,66.542
REC-00648,Motor,Day,Process-B,110.0,57.357,1.6017,4.324,86.55,17586.39,2.0,81.697
REC-00649,Pump,Night,Process-A,74.428,68.844,0.7211,12.245,10.87,6378.31,1.0,64.991
REC-00650,Pump,Day,Process-A,64.895,72.576,2.5256,6.607,58.24,1846.36,0.0,49.8
REC-00651,Motor,Night,Process-A,91.101,88.182,1.8349,5.41,,3391.74,1.0,75.209
REC-00652,Motor,Night,Packaging,81.901,,1.8841,2.763,109.59,7101.85,0.0,50.688
REC-00653,Fan,Evening,Process-A,55.631,62.546,0.6764,3.683,66.27,10586.33,1.0,51.073
REC-00654,Pump,Day,Process-B,61.01,69.072,1.0311,3.466,191.7,5433.65,0.0,62.202
REC-00655,Fan,Day,Packaging,68.002,46.565,2.0452,7.378,29.12,2802.7,0.0,42.503
REC-00656,Motor,Day,Process-A,74.73,68.271,2.0783,9.554,155.62,4879.35,0.0,55.357
REC-00657,Pump,Night,Process-B,80.911,,2.1914,9.336,66.67,5504.7,2.0,95.311
REC-00658,Fan,Day,Process-B,105.427,65.932,,8.806,28.2,5194.74,2.0,57.487
REC-00659,Motor,Day,Utilities,50.341,59.519,2.7703,3.183,22.81,2136.88,0.0,37.548
REC-00660,Compressor,Day,Process-A,81.612,62.731,1.6437,3.217,153.4,4647.45,1.0,79.66
REC-00661,Fan,Evening,Process-B,71.779,68.685,1.6333,3.6,94.2,5019.51,1.0,56.316
REC-00662,Pump,Day,Process-B,110.0,54.151,1.0004,8.103,105.28,808.88,2.0,60.428
REC-00663,Fan,Evening,Utilities,95.732,83.073,1.6398,7.43,29.77,3107.29,1.0,59.186
REC-00664,Fan,Evening,Process-A,105.473,79.99,1.4912,8.653,91.81,9648.11,2.0,71.489
REC-00665,Fan,Day,Process-A,96.553,66.436,1.3801,15.166,90.59,3180.01,2.0,59.658
REC-00666,Motor,Evening,Packaging,83.555,,0.9598,5.767,18.76,5883.27,2.0,58.55
REC-00667,Fan,Night,Process-A,109.422,48.017,2.1371,5.224,23.29,6154.24,0.0,66.092
REC-00668,Compressor,Day,Process-A,81.738,86.703,1.1326,11.199,42.73,5326.66,0.0,82.586
REC-00669,Pump,Evening,Process-B,71.974,62.548,1.1531,5.556,177.13,13697.29,4.0,90.72
REC-00670,,Day,Packaging,91.823,74.284,0.8384,11.573,111.8,3098.66,3.0,77.539
REC-00671,Motor,Day,Process-B,,74.833,2.2226,5.04,66.44,8368.58,1.0,62.915
REC-00672,Pump,Day,Packaging,54.281,63.357,2.8265,5.916,77.34,6319.01,2.0,54.015
REC-00673,Fan,Day,Process-B,66.662,72.922,1.9639,1.8,12.1,1946.08,1.0,39.309
REC-00674,,Day,Process-A,70.889,67.365,1.4123,,135.29,12529.38,2.0,62.543
REC-00675,Compressor,Night,Process-A,57.244,59.273,2.3225,3.757,201.8,3984.37,1.0,83.454
REC-00676,Pump,Night,Process-B,89.31,52.564,1.6364,3.217,64.05,6115.41,1.0,81.69
REC-00677,Pump,Night,Process-A,44.935,56.446,2.2188,7.89,22.95,4733.64,1.0,64.135
REC-00678,Compressor,Day,Process-B,67.084,76.836,0.8045,1.634,54.38,3267.05,2.0,80.959
REC-00679,Compressor,Day,Process-A,87.915,,2.4825,0.369,76.05,8644.35,0.0,90.717
REC-00680,Compressor,Day,Utilities,63.387,66.593,1.0207,1.045,68.27,6883.37,1.0,62.542
REC-00681,Compressor,Night,Process-A,91.425,64.557,2.1059,3.978,65.78,5600.35,0.0,85.694
REC-00682,Pump,Evening,Process-A,60.543,70.171,2.263,11.041,27.34,15918.02,0.0,70.173
REC-00683,Motor,Evening,Process-A,85.614,48.808,0.4226,1.757,82.78,6110.51,0.0,52.094
REC-00684,Compressor,Evening,Packaging,96.341,61.893,1.0107,18.207,25.59,5927.98,1.0,86.246
REC-00685,Pump,Day,Process-A,69.146,67.338,1.9067,9.548,47.09,10233.89,3.0,75.609
REC-00686,Fan,Day,Packaging,49.481,73.917,,,52.92,1987.84,4.0,35.477
REC-00687,Motor,Night,Process-B,64.134,49.091,1.9055,10.48,,13289.87,0.0,74.1
REC-00688,Motor,Day,Utilities,57.29,66.877,2.8637,4.763,65.67,12353.71,3.0,51.052
REC-00689,Compressor,Day,Process-B,68.372,,1.5116,1.447,145.53,1673.95,3.0,65.225
REC-00690,,Day,Packaging,86.557,58.949,1.6148,9.759,114.6,13450.03,0.0,56.143
REC-00691,Fan,Night,,71.871,62.809,0.7683,2.992,52.55,2227.89,2.0,63.417
REC-00692,Motor,Night,Packaging,56.769,68.206,0.8589,2.889,174.33,3197.28,1.0,46.356
REC-00693,Motor,Evening,Utilities,,84.605,1.6448,4.799,103.27,6819.99,,76.136
REC-00694,Compressor,Day,Utilities,71.189,51.778,1.0096,5.576,49.24,3850.94,0.0,68.258
REC-00695,Motor,Day,Process-B,97.385,,1.3483,5.655,52.18,5884.78,2.0,69.917
REC-00696,Pump,Day,Process-A,100.612,55.376,2.4418,5.532,131.34,4777.97,3.0,71.221
REC-00697,Motor,Night,Utilities,51.063,65.915,1.6431,11.115,134.2,6044.6,2.0,68.871
REC-00698,Motor,Day,Packaging,52.015,70.426,1.2403,4.922,78.58,4370.66,3.0,49.465
REC-00699,Motor,,Process-A,45.395,75.476,1.0465,,153.57,2959.61,2.0,59.943
REC-00700,Compressor,Day,Utilities,54.583,52.049,0.8248,9.536,50.42,2032.65,3.0,67.068
REC-00701,Motor,Day,Process-A,56.281,57.436,3.2637,12.796,26.06,2477.8,,62.499
REC-00702,Pump,Day,Utilities,81.401,55.078,1.5757,0.945,16.6,3904.21,4.0,58.03
REC-00703,Motor,Evening,Packaging,66.532,74.303,1.4773,10.867,91.17,3142.22,0.0,44.43
REC-00704,Pump,Day,Utilities,94.011,51.06,1.1637,6.556,92.31,6988.77,5.0,77.343
REC-00705,Pump,Evening,Process-A,53.392,,2.2947,4.801,122.79,7354.6,2.0,67.692
REC-00706,Pump,Evening,Process-A,80.958,,0.8589,1.802,20.42,9708.47,2.0,67.47
REC-00707,Motor,Evening,Utilities,86.812,66.743,3.9437,6.423,17.1,2550.76,0.0,47.55
REC-00708,Motor,Day,Utilities,37.331,58.259,1.3698,8.589,107.05,2258.34,1.0,48.499
REC-00709,Motor,Evening,Process-B,65.237,61.637,4.7322,,56.19,995.01,4.0,77.882
REC-00710,,Day,Packaging,59.211,,1.9783,4.562,48.08,3122.36,3.0,56.04
REC-00711,Motor,Evening,Utilities,56.761,80.267,0.8353,5.661,127.93,8428.46,1.0,62.841
REC-00712,Motor,Day,Packaging,80.843,72.202,1.8987,,140.12,4091.85,1.0,61.645
REC-00713,Pump,Evening,Utilities,83.805,58.508,2.2314,2.772,32.12,893.59,1.0,52.7
REC-00714,Pump,Evening,Process-B,54.195,64.584,1.2192,5.333,48.18,7930.32,0.0,72.421
REC-00715,Motor,Night,Utilities,59.746,,1.4818,10.756,56.01,3105.96,3.0,75.889
REC-00716,Compressor,Day,Utilities,65.285,65.333,0.8857,18.351,,3701.24,1.0,60.318
REC-00717,Fan,Night,Utilities,70.638,61.068,0.7685,7.768,42.65,2245.4,1.0,52.94
REC-00718,Motor,Evening,Process-B,60.733,82.418,1.2747,3.553,150.1,260.17,1.0,53.376
REC-00719,Compressor,Day,Packaging,50.89,79.954,1.0864,4.495,105.09,2057.18,1.0,56.416
REC-00720,Motor,,Process-B,61.75,74.952,2.5925,,17.39,3267.84,1.0,78.637
REC-00721,Compressor,Day,Packaging,59.986,63.422,1.2238,6.918,107.74,4536.71,1.0,51.61
REC-00722,,Evening,Process-A,59.33,60.136,1.19,3.533,13.51,8202.66,,65.557
REC-00723,Compressor,Day,Process-A,,55.41,3.1057,5.912,123.38,1598.25,1.0,84.387
REC-00724,Pump,Day,Utilities,94.027,79.647,1.0219,3.008,18.53,10288.25,1.0,66.534
REC-00725,Fan,Day,Process-A,91.445,58.045,4.2307,6.287,113.82,4211.97,4.0,67.295
REC-00726,Fan,Day,Utilities,61.48,58.885,1.8325,9.568,101.22,3878.16,2.0,41.728
REC-00727,Fan,Evening,Packaging,69.206,63.575,1.8133,8.16,117.79,1899.17,2.0,37.779
REC-00728,Compressor,Day,Process-A,86.343,70.078,1.2939,9.6,121.81,11387.59,5.0,109.264
REC-00729,Fan,Day,Process-B,82.718,63.049,2.17,3.012,189.93,2255.29,1.0,65.469
REC-00730,Pump,Evening,Packaging,45.011,58.887,0.3658,8.453,48.21,7912.14,0.0,42.887
REC-00731,Fan,Day,Packaging,75.538,52.775,2.201,6.939,161.6,1028.0,3.0,46.75
REC-00732,Compressor,Evening,Process-B,,88.616,1.2355,1.236,128.42,2478.17,0.0,88.929
REC-00733,Fan,Evening,Utilities,43.168,,1.3813,5.926,35.65,,1.0,52.227
REC-00734,Pump,Night,Utilities,,74.465,2.5271,4.072,26.6,11727.5,0.0,89.235
REC-00735,Motor,Night,Process-B,57.736,62.333,1.3843,5.409,194.64,8809.06,2.0,88.083
REC-00736,Compressor,Night,Utilities,80.144,71.036,2.5268,2.084,28.3,5604.03,1.0,85.125
REC-00737,Pump,Evening,Utilities,63.067,37.893,1.2597,4.313,79.94,2665.21,1.0,38.742
REC-00738,Motor,Night,Packaging,69.763,81.97,2.2971,3.879,37.51,9738.4,2.0,71.811
REC-00739,Compressor,Day,Packaging,83.987,66.639,2.1088,9.226,70.35,6859.45,0.0,83.668
REC-00740,Pump,Day,,63.636,66.904,1.3438,4.736,18.27,4734.32,2.0,51.195
REC-00741,Motor,Night,Process-A,81.983,68.546,1.236,4.024,15.9,,1.0,60.577
REC-00742,Fan,Evening,Utilities,,72.559,3.3949,2.56,53.19,10135.09,0.0,60.298
REC-00743,Motor,Day,Process-A,70.557,78.931,1.1838,3.746,114.72,11848.25,3.0,66.335
REC-00744,,Day,Packaging,77.531,59.398,3.6215,6.33,72.2,8213.57,1.0,58.845
REC-00745,Fan,Evening,Utilities,77.529,,1.2446,,112.37,5203.86,2.0,60.83
REC-00746,Motor,Evening,Process-B,81.772,63.242,3.5931,0.449,77.27,5789.15,3.0,68.859
REC-00747,,Day,Process-B,71.956,80.275,1.9312,,91.06,5668.08,3.0,75.198
REC-00748,Pump,Evening,Utilities,65.63,60.302,1.8818,5.416,11.03,1182.19,2.0,54.975
REC-00749,Motor,Evening,Process-B,72.144,60.652,3.0359,7.494,21.33,11564.37,1.0,73.759
REC-00750,Compressor,Day,Process-B,80.646,71.941,2.021,3.15,,5634.45,2.0,78.522
REC-00751,Pump,Day,Process-A,67.615,59.329,2.5821,4.572,84.41,4858.35,2.0,64.77
REC-00752,Pump,Evening,Packaging,44.722,56.086,0.9176,4.049,113.04,3172.73,3.0,47.559
REC-00753,Compressor,Evening,Utilities,72.775,79.946,1.2109,5.141,19.36,1889.2,2.0,60.413
REC-00754,Motor,Day,Packaging,88.698,63.702,1.0825,12.103,62.49,8195.82,2.0,38.952
REC-00755,Fan,Day,Utilities,91.849,51.103,0.8605,11.653,68.34,3894.78,0.0,37.674
REC-00756,Motor,Day,Process-A,76.837,69.51,2.235,2.709,8.81,5364.27,4.0,60.152
REC-00757,Compressor,Night,Process-B,61.377,72.37,3.4607,6.775,89.05,6360.21,0.0,99.123
REC-00758,Pump,Day,Packaging,58.005,65.943,1.5507,2.097,68.65,2726.34,0.0,34.615
REC-00759,Compressor,Day,Utilities,104.035,56.692,3.5314,0.648,30.01,3044.99,0.0,64.413
REC-00760,Motor,Evening,Utilities,94.821,,1.1412,10.925,264.0,7553.47,0.0,61.934
REC-00761,,Night,Packaging,68.547,68.566,0.66,8.326,232.2,1733.24,4.0,76.628
REC-00762,Fan,Day,Utilities,49.335,65.164,4.0692,10.489,85.96,5147.98,0.0,55.45
REC-00763,Motor,Day,Packaging,81.19,66.37,3.1306,3.019,58.3,4702.38,2.0,46.849
REC-00764,Fan,Day,Utilities,106.082,63.043,0.9257,8.502,54.93,1487.98,1.0,54.14
REC-00765,Compressor,Night,Packaging,72.559,66.334,2.0799,3.653,119.44,2864.28,3.0,75.734
REC-00766,Motor,Day,Process-A,89.43,78.429,2.4903,7.17,36.43,2634.67,1.0,61.298
REC-00767,Compressor,Evening,Process-B,79.753,53.3,0.8525,2.047,38.36,2473.27,0.0,52.929
REC-00768,Pump,Night,Process-B,64.953,43.842,0.776,3.824,31.38,11238.92,3.0,81.326
REC-00769,Fan,Day,Process-B,,60.139,2.2104,8.821,85.31,3982.8,2.0,63.409
REC-00770,Fan,Evening,Process-A,39.525,85.766,1.6089,3.342,279.02,1356.35,2.0,63.252
REC-00771,Motor,Day,Process-A,102.408,56.587,1.5332,2.892,56.23,3216.72,1.0,50.831
REC-00772,Pump,Night,Process-A,59.969,62.202,2.9611,10.058,46.38,4987.12,2.0,75.876
REC-00773,,Day,Packaging,83.546,80.449,1.9706,6.633,,6117.22,1.0,72.914
REC-00774,Motor,Day,Process-B,66.167,74.44,1.4161,3.746,66.66,2527.93,1.0,61.275
REC-00775,Pump,Night,Packaging,89.808,84.092,1.6188,3.749,40.07,8048.75,2.0,85.957
REC-00776,Pump,Day,Process-B,82.306,67.651,1.9592,8.303,66.22,4057.71,3.0,77.636
REC-00777,Motor,Day,Utilities,46.432,53.164,1.6037,6.827,34.4,2641.09,1.0,34.332
REC-00778,Motor,Day,Process-B,68.503,58.043,,6.112,70.94,2268.82,3.0,57.817
REC-00779,Compressor,Day,Packaging,79.965,41.899,,7.086,106.86,4765.23,1.0,73.898
REC-00780,Fan,Day,Utilities,57.395,78.248,1.2739,4.013,76.05,2676.4,1.0,51.624
REC-00781,Motor,Day,Process-A,64.414,62.37,4.3847,9.042,214.73,2736.88,0.0,68.83
REC-00782,Motor,Night,Process-A,79.478,,2.8172,1.782,46.16,2928.53,3.0,67.145
REC-00783,Motor,Night,Process-B,49.765,61.265,1.8734,4.514,41.07,5389.52,0.0,64.435
REC-00784,Pump,Evening,Packaging,75.149,84.886,,9.375,72.77,1327.44,1.0,77.19
REC-00785,Fan,Day,Process-B,87.61,,2.9087,8.696,112.33,6889.1,,72.838
REC-00786,Pump,Day,,68.153,70.464,1.2975,15.411,14.06,1683.16,0.0,64.765
REC-00787,Motor,Day,Process-B,80.42,64.058,1.5771,5.989,17.48,6816.97,1.0,48.946
REC-00788,Pump,Night,Process-A,60.55,72.913,1.4444,7.764,186.02,4866.36,0.0,76.666
REC-00789,Compressor,Day,Process-B,69.986,49.189,3.6606,1.789,92.02,9532.82,2.0,93.592
REC-00790,Fan,Day,Process-A,67.004,73.652,1.8518,2.356,125.66,6187.55,0.0,53.332
REC-00791,Pump,Night,Utilities,73.822,62.46,1.7706,6.04,54.7,3281.3,2.0,65.474
REC-00792,Fan,Day,Process-B,82.993,81.048,0.7822,,57.72,11060.63,0.0,53.645
REC-00793,Pump,Night,Process-A,,61.532,1.3255,2.556,73.5,1071.41,0.0,46.119
REC-00794,Pump,Evening,Utilities,67.272,67.189,1.1837,6.43,160.67,3128.07,2.0,61.306
REC-00795,Motor,Evening,Packaging,91.961,69.976,2.498,,131.17,5655.23,1.0,60.267
REC-00796,Motor,Night,,64.368,62.117,,9.923,260.37,1489.91,2.0,67.375
REC-00797,Motor,Day,Packaging,77.847,72.642,0.7751,2.757,119.7,6585.4,1.0,44.528
REC-00798,Compressor,Day,Process-B,66.747,74.368,,13.353,37.65,1733.43,1.0,82.324
REC-00799,Compressor,Night,,104.219,73.431,2.6175,2.684,25.25,7354.39,1.0,109.513
REC-00800,Motor,Night,Process-B,79.335,78.939,3.1657,,74.3,2273.87,0.0,78.434
REC-00801,Motor,Day,Process-B,69.154,66.293,3.5507,2.925,64.01,4659.71,2.0,62.361
REC-00802,Fan,Day,,79.331,70.966,1.3715,8.429,197.62,3913.31,0.0,51.802
REC-00803,Motor,,Process-B,67.439,57.577,2.1809,3.312,100.43,7257.22,2.0,76.552
REC-00804,Compressor,Day,Utilities,77.796,63.458,2.0592,9.551,257.86,6507.26,2.0,69.574
REC-00805,Motor,Day,Utilities,73.818,82.932,2.3486,3.734,144.02,11879.12,2.0,78.054
REC-00806,Pump,Night,Process-B,68.763,68.645,1.0407,6.247,66.13,4933.97,0.0,73.846
REC-00807,Compressor,Evening,Process-B,60.071,77.093,2.1796,7.927,121.89,10071.37,1.0,88.344
REC-00808,Pump,Evening,Process-B,,73.417,0.4175,4.751,102.92,1116.64,0.0,50.897
REC-00809,Pump,Day,Process-A,84.812,78.399,1.4228,6.993,70.04,10809.54,2.0,74.753
REC-00810,Motor,Day,Packaging,64.188,66.361,3.8907,12.059,109.46,1131.22,3.0,58.917
REC-00811,Compressor,Night,Process-B,58.845,72.499,1.2771,9.376,186.44,3551.14,2.0,89.749
REC-00812,Pump,Day,Utilities,73.693,59.121,3.4132,9.09,42.54,4720.24,1.0,70.026
REC-00813,Compressor,Day,Utilities,84.247,72.539,2.0609,17.636,59.96,3734.63,1.0,85.609
REC-00814,Compressor,Night,Process-A,83.762,78.534,1.9767,1.487,90.54,4541.88,1.0,93.02
REC-00815,Pump,Day,Process-A,94.07,75.406,1.0985,7.64,86.38,5693.66,0.0,60.653
REC-00816,Pump,Night,Utilities,76.493,48.934,0.7078,6.053,20.01,7158.27,1.0,70.24
REC-00817,Motor,Evening,Process-B,71.805,56.912,1.9234,6.167,76.62,1780.64,2.0,62.226
REC-00818,Motor,Evening,Process-A,66.937,55.645,0.8754,7.536,44.41,1320.31,2.0,44.635
REC-00819,,Night,Utilities,53.518,67.578,0.4939,1.695,73.76,2841.43,2.0,49.39
REC-00820,Compressor,Night,Packaging,74.694,73.946,0.6998,5.077,252.9,1731.26,2.0,76.339
REC-00821,Pump,Night,Process-B,83.543,75.572,1.7985,2.263,57.77,7460.32,0.0,89.244
REC-00822,Fan,Day,Packaging,93.363,52.481,1.3531,20.457,40.48,1629.83,2.0,55.461
REC-00823,Pump,Day,Process-B,58.586,70.097,0.632,8.623,9.32,6956.7,3.0,65.625
REC-00824,Compressor,Day,Utilities,60.403,79.206,,1.384,38.24,4439.02,0.0,72.705
REC-00825,Compressor,Evening,Process-A,83.993,62.307,1.6427,6.247,145.27,5972.19,2.0,86.804
REC-00826,Pump,,Utilities,104.368,52.762,2.6903,6.507,56.76,6905.95,2.0,68.292
REC-00827,Fan,Day,Utilities,71.643,53.716,0.9715,1.953,144.87,4010.57,2.0,37.53
REC-00828,Pump,Day,Process-A,73.993,79.38,,2.086,69.37,6414.39,2.0,71.169
REC-00829,Compressor,Night,Process-A,82.385,42.191,1.6511,17.002,216.25,13245.12,3.0,123.249
REC-00830,Motor,Night,Packaging,,,0.4808,9.302,78.27,4584.55,0.0,43.702
REC-00831,Compressor,Evening,Packaging,77.927,73.929,1.0126,8.574,97.13,7108.47,0.0,71.868
REC-00832,Pump,,,65.512,82.891,2.9558,,56.1,6558.07,4.0,109.173
REC-00833,Fan,Night,Process-B,78.206,90.004,2.3423,5.695,26.96,3547.99,2.0,76.219
REC-00834,Motor,Evening,Packaging,73.095,90.897,2.5799,16.293,129.96,9120.26,4.0,95.112
REC-00835,Motor,Day,Utilities,51.355,85.242,1.2922,7.88,41.32,2860.0,0.0,61.172
REC-00836,Motor,Night,Utilities,48.188,63.906,1.4919,4.799,172.96,990.2,1.0,59.363
REC-00837,Motor,Day,Utilities,74.65,69.507,0.9471,4.314,95.91,3596.37,1.0,37.486
REC-00838,Motor,Day,Process-B,98.637,66.697,1.0246,14.62,38.76,6374.98,0.0,63.863
REC-00839,Pump,Day,Packaging,64.587,69.031,1.5157,8.241,67.54,5222.6,4.0,59.584
REC-00840,Pump,Evening,Utilities,68.726,56.214,2.2382,2.615,76.28,8593.22,1.0,56.686
REC-00841,Compressor,Day,Process-B,67.532,67.325,,8.953,12.67,8756.62,2.0,88.918
REC-00842,Motor,Night,Utilities,67.08,84.592,2.6322,1.541,53.41,2266.91,0.0,69.446
REC-00843,Compressor,Day,Process-B,88.341,62.843,1.6984,1.323,60.36,4436.51,1.0,82.162
REC-00844,Fan,Day,Packaging,77.126,62.144,1.4942,1.639,119.13,4680.72,0.0,30.328
REC-00845,Compressor,Night,Packaging,,87.618,,6.833,65.27,8468.65,3.0,95.56
REC-00846,Pump,Night,Process-A,79.524,66.402,2.1514,2.307,69.89,8226.9,0.0,63.836
REC-00847,Pump,Day,Process-A,74.054,79.12,1.1617,10.414,53.74,3110.13,0.0,58.806
REC-00848,Compressor,Day,Process-B,97.406,64.759,1.3928,4.441,45.56,4099.68,2.0,93.728
REC-00849,Motor,Day,Utilities,49.624,62.794,1.3489,1.063,90.93,4847.65,1.0,49.712
REC-00850,Fan,Evening,Process-B,81.277,57.982,2.319,2.562,39.79,4624.39,1.0,59.445
REC-00851,Pump,Day,Packaging,79.797,53.734,2.4332,,,5828.05,2.0,39.938
REC-00852,Fan,Night,Process-B,34.441,52.953,2.7796,17.212,58.98,3176.65,1.0,69.913
REC-00853,Fan,Day,Packaging,107.644,,0.7738,,42.72,7026.16,1.0,39.081
REC-00854,Pump,Evening,Utilities,88.208,58.65,0.6867,4.889,82.31,4272.88,1.0,67.439
REC-00855,Compressor,Evening,Process-B,54.042,73.591,0.5407,4.366,114.57,9997.13,0.0,90.507
REC-00856,Motor,Evening,Utilities,78.475,59.101,0.7628,4.038,,1248.45,2.0,37.235
REC-00857,Motor,Evening,Process-A,36.133,63.683,0.6876,7.502,46.15,2879.46,0.0,53.76
REC-00858,Motor,Day,Process-A,62.396,61.596,1.5939,,49.43,2935.25,1.0,47.695
REC-00859,Pump,Night,Process-A,98.23,63.049,1.0198,5.011,23.03,4061.64,3.0,79.967
REC-00860,Pump,Evening,Process-A,60.463,,1.9374,5.051,142.96,5654.66,3.0,69.354
REC-00861,Fan,,Process-A,66.369,58.423,3.1091,6.941,132.5,8442.02,0.0,60.355
REC-00862,Compressor,Night,Process-B,45.022,65.015,1.2224,6.932,87.14,2251.82,4.0,94.675
REC-00863,Motor,Day,Process-A,80.009,,1.3688,6.571,49.09,6160.1,,59.644
REC-00864,Fan,Evening,Process-B,37.24,71.315,2.1538,1.089,50.47,2228.61,3.0,58.801
REC-00865,Motor,Night,Process-B,66.758,57.636,1.9742,14.508,35.0,9820.34,1.0,80.902
REC-00866,Compressor,Evening,Process-A,53.792,62.139,,6.405,71.92,6112.11,5.0,85.502
REC-00867,Compressor,Day,,71.869,67.954,,3.546,9.7,2496.5,0.0,63.891
REC-00868,Pump,Evening,Packaging,70.395,54.805,1.3309,3.193,61.61,6767.05,1.0,61.386
REC-00869,Pump,Night,Utilities,99.63,66.556,1.8664,5.784,86.82,7500.31,2.0,89.486
REC-00870,Pump,Night,Packaging,79.441,56.895,1.206,6.653,107.33,7131.88,2.0,65.965
REC-00871,Compressor,Day,Packaging,94.858,54.452,1.279,5.375,75.53,1880.64,0.0,61.198
REC-00872,Motor,Day,Process-A,89.716,61.661,,7.55,71.83,10376.1,3.0,61.191
REC-00873,Fan,Day,Packaging,78.155,63.033,1.2053,11.612,53.88,4292.41,3.0,46.625
REC-00874,Compressor,Day,Utilities,48.935,62.23,,11.113,111.92,9903.55,1.0,69.09
REC-00875,Motor,Night,Process-A,74.325,81.914,1.7301,8.763,103.76,4184.67,0.0,68.931
REC-00876,Motor,Evening,Process-B,94.495,,2.4337,3.746,152.26,1160.63,2.0,71.497
REC-00877,Motor,Evening,Process-B,78.692,75.858,1.4084,10.121,55.85,5190.67,0.0,61.175
REC-00878,Fan,Day,Process-B,69.357,77.416,2.8692,2.868,31.63,2520.39,1.0,55.062
REC-00879,Compressor,Night,Process-A,44.288,61.066,1.4125,13.569,48.42,1330.66,1.0,71.374
REC-00880,Fan,Day,,68.732,53.978,0.7175,2.198,205.15,8866.69,,61.346
REC-00881,Compressor,Night,Process-A,102.967,65.102,4.7089,,,4992.24,,98.276
REC-00882,Pump,Day,,77.671,78.547,0.7437,2.276,45.04,3090.46,0.0,58.008
REC-00883,Motor,,Process-B,58.642,64.009,,,75.46,5931.78,1.0,63.656
REC-00884,Motor,Night,,73.414,57.135,2.0572,4.651,221.98,2797.6,3.0,65.186
REC-00885,Compressor,Evening,Process-A,48.266,60.497,1.6832,5.723,90.38,2365.11,2.0,71.904
REC-00886,Compressor,Night,Utilities,91.986,60.449,0.73,13.908,77.54,3847.9,0.0,80.68
REC-00887,Motor,Day,,74.496,58.565,2.7227,10.176,23.35,4593.46,3.0,66.351
REC-00888,Motor,Day,Process-A,63.406,52.057,1.2997,7.207,97.85,7688.08,0.0,54.332
REC-00889,Fan,Evening,Process-B,55.119,65.983,1.3994,12.094,86.33,13094.93,1.0,73.936
REC-00890,Motor,Evening,Packaging,65.554,63.98,0.9738,7.46,140.17,3054.59,3.0,46.002
REC-00891,,Day,Packaging,77.449,77.886,2.2691,2.359,82.61,,1.0,54.387
REC-00892,Fan,Day,Process-A,96.828,73.175,1.1203,,169.13,,1.0,51.903
REC-00893,Compressor,Evening,Process-B,66.569,44.152,1.0812,6.395,12.8,4212.21,1.0,71.35
REC-00894,Motor,Day,Process-A,64.698,,3.2205,1.656,160.07,,3.0,57.664
REC-00895,,Night,Utilities,71.356,65.271,2.1111,10.39,39.74,3103.57,1.0,67.565
REC-00896,Motor,Evening,Process-A,61.767,78.643,0.9268,13.768,275.76,7174.22,1.0,93.481
REC-00897,Fan,Day,Packaging,83.795,69.308,1.558,11.092,,6119.17,4.0,48.793
REC-00898,Motor,Day,Process-B,73.916,57.974,0.6863,1.916,74.91,3145.22,0.0,44.469
REC-00899,Motor,Evening,Process-B,63.118,69.136,2.1207,2.154,112.11,2758.72,2.0,71.397
REC-00900,Compressor,Evening,Utilities,79.101,56.857,1.088,3.689,68.48,4076.18,0.0,64.404
REC-00901,Pump,Evening,Packaging,77.418,59.898,2.5613,5.073,199.33,7036.31,5.0,82.988
REC-00902,Motor,Day,Process-B,51.139,73.769,1.3725,3.456,268.96,3780.23,1.0,68.717
REC-00903,Fan,Evening,Utilities,65.296,87.698,1.5081,5.683,80.66,2227.79,0.0,41.864
REC-00904,Fan,Evening,Process-B,69.742,78.228,1.3202,3.663,73.39,3951.67,0.0,57.921
REC-00905,Motor,Day,Process-A,63.676,78.677,0.7541,2.691,30.14,1359.39,1.0,52.633
REC-00906,Fan,Evening,Process-A,72.106,79.501,1.3397,7.663,,7479.16,1.0,72.828
REC-00907,Fan,Evening,Process-A,85.09,67.702,1.1924,,101.21,6791.64,0.0,60.607
REC-00908,Motor,Day,Process-A,69.862,,1.3877,3.245,64.94,3739.88,3.0,61.519
REC-00909,Compressor,Day,Packaging,90.278,63.195,3.074,5.747,26.03,4362.04,4.0,87.654
REC-00910,Compressor,Evening,Packaging,84.092,51.255,1.849,5.592,25.51,4198.49,1.0,67.946
REC-00911,Compressor,Day,Process-A,64.62,69.205,1.1946,10.527,22.95,8266.23,3.0,87.942
REC-00912,,Night,Process-B,46.991,63.736,0.8173,5.063,36.02,6437.21,2.0,69.591
REC-00913,Motor,Day,Utilities,81.105,57.624,0.8158,22.0,32.69,2914.39,1.0,56.738
REC-00914,Compressor,Day,Process-A,67.36,46.672,2.1144,4.059,189.68,5636.28,3.0,82.603
REC-00915,Pump,Evening,Process-B,73.163,60.64,1.6544,1.289,73.0,10491.66,4.0,81.89
REC-00916,Fan,Day,Process-A,50.633,73.033,0.7945,4.53,124.45,6289.34,0.0,49.213
REC-00917,Motor,Day,Packaging,71.995,58.407,2.0561,15.235,184.05,,1.0,51.938
REC-00918,Fan,Night,Utilities,76.944,57.258,0.5889,3.66,148.09,5302.93,1.0,52.347
REC-00919,Motor,Day,Packaging,,60.983,0.6615,8.976,53.0,3978.0,2.0,39.426
REC-00920,Compressor,Day,Utilities,85.687,76.54,5.551,3.745,94.84,1034.94,1.0,92.006
REC-00921,Compressor,Day,Utilities,58.284,54.849,1.3503,1.141,78.52,8575.95,1.0,61.36
REC-00922,Motor,Day,Process-A,37.273,66.081,0.9668,11.394,101.03,4577.18,1.0,45.606
REC-00923,Compressor,Day,Utilities,100.048,52.541,1.7731,3.059,67.93,7877.23,3.0,78.076
REC-00924,Motor,Day,Process-A,85.899,75.55,0.882,20.29,7.8,1997.23,3.0,63.88
REC-00925,Compressor,Day,Utilities,77.691,58.317,1.2809,4.038,,11819.77,2.0,66.595
REC-00926,Compressor,Day,Process-B,71.532,73.83,1.2591,4.008,110.33,4639.34,3.0,74.835
REC-00927,Pump,Day,Process-A,48.094,83.898,2.0549,5.304,62.33,7297.02,2.0,72.335
REC-00928,Motor,Day,Process-A,47.4,65.359,3.8104,1.91,128.51,1606.92,1.0,61.466
REC-00929,Pump,Day,Packaging,108.284,66.515,0.7406,6.252,113.28,3843.02,3.0,67.894
REC-00930,Motor,Day,Process-A,92.572,64.898,1.8064,4.63,95.77,3702.64,0.0,49.69
REC-00931,Motor,Day,Process-B,85.398,66.983,1.274,6.851,138.1,1713.04,2.0,61.344
REC-00932,Fan,Day,Process-B,,46.193,2.0883,3.554,111.92,,2.0,56.429
REC-00933,Fan,Day,,62.665,71.864,2.8928,13.723,2.92,3770.28,1.0,61.993
REC-00934,Motor,Night,Process-A,63.067,73.43,1.4907,6.417,169.85,11697.16,3.0,74.17
REC-00935,Compressor,Night,Process-B,90.54,46.184,0.9229,2.187,147.18,,4.0,93.944
REC-00936,Motor,Day,Packaging,76.483,72.456,1.6291,3.301,121.38,1656.77,3.0,48.785
REC-00937,Motor,Day,Process-A,83.735,63.494,0.535,3.029,27.62,4014.62,2.0,54.696
REC-00938,Motor,Day,Process-B,84.0,61.526,1.4769,4.395,32.5,12137.5,2.0,57.293
REC-00939,Pump,Night,Process-A,54.997,86.122,1.4137,5.001,37.85,5770.78,1.0,79.592
REC-00940,Compressor,Evening,Process-B,67.028,65.937,0.9111,10.436,83.74,13230.6,1.0,97.25
REC-00941,Fan,Day,Process-B,70.723,59.689,1.28,6.144,18.5,3635.43,1.0,45.481
REC-00942,Compressor,Night,Process-B,71.27,58.589,2.0274,13.863,25.37,1631.9,0.0,78.62
REC-00943,Motor,Evening,Process-A,96.431,72.635,2.0264,4.015,45.2,7649.33,2.0,66.441
REC-00944,Pump,Night,Process-A,82.749,65.691,4.4198,3.157,64.81,4222.1,2.0,70.932
REC-00945,Compressor,Day,Process-A,71.99,80.294,,5.151,97.28,17954.99,1.0,101.776
REC-00946,Motor,Day,Process-A,110.0,57.629,1.5415,10.853,66.02,2398.23,0.0,61.559
REC-00947,Fan,Evening,Process-A,52.841,62.999,2.9171,8.206,49.19,6786.19,0.0,56.662
REC-00948,Motor,Day,Process-B,88.312,75.074,1.9736,6.561,84.49,11569.99,2.0,81.424
REC-00949,Compressor,Night,Process-B,48.817,58.438,2.9107,9.448,92.04,5386.41,2.0,89.462
REC-00950,Compressor,Evening,Process-A,75.974,80.085,1.3794,2.479,54.18,5616.17,5.0,85.765
REC-00951,Motor,Day,Utilities,,71.175,1.806,9.666,59.94,3838.36,1.0,46.548
REC-00952,,Day,Process-B,99.299,,0.6997,15.951,74.62,2867.28,1.0,85.287
REC-00953,Fan,Day,Process-B,110.0,73.944,2.0308,0.837,64.8,3964.97,1.0,59.013
REC-00954,Pump,Evening,Process-B,64.754,52.101,1.1698,,183.15,2140.57,1.0,50.5
REC-00955,Pump,Evening,Process-A,63.048,73.423,0.9852,6.8,51.31,2573.18,1.0,58.994
REC-00956,Pump,Day,Utilities,81.685,61.492,2.0426,11.985,,4472.82,4.0,52.295
REC-00957,Compressor,Day,Process-B,83.64,50.596,3.1623,7.817,60.69,2991.99,2.0,82.229
REC-00958,Compressor,Night,Process-B,58.481,58.774,3.6085,3.664,89.42,2314.01,1.0,84.306
REC-00959,,Evening,Packaging,,63.124,1.0171,2.515,47.67,5465.05,1.0,47.015
REC-00960,Compressor,Day,Process-A,87.352,72.117,1.6964,8.793,330.0,6019.56,2.0,105.975
REC-00961,Motor,Night,Process-B,91.161,67.419,1.741,3.006,49.97,3827.66,1.0,64.273
REC-00962,Pump,Evening,Process-B,96.286,55.51,2.631,13.811,42.97,3247.37,1.0,65.909
REC-00963,Motor,Night,Process-A,60.711,77.356,,6.317,123.58,3436.06,0.0,77.855
REC-00964,Fan,Day,,84.614,59.754,0.4941,8.592,48.36,896.75,2.0,38.218
REC-00965,Fan,Day,Process-B,50.928,73.78,2.8814,19.36,142.3,4378.42,2.0,71.516
REC-00966,,Day,Process-A,78.883,65.675,1.1354,6.94,,3182.37,1.0,45.925
REC-00967,Compressor,Day,Process-B,56.28,61.205,0.6659,14.236,119.03,,2.0,68.725
REC-00968,Motor,Night,Packaging,55.844,68.051,,7.454,31.13,1404.97,0.0,51.152
REC-00969,Motor,,Utilities,81.836,62.66,1.5847,6.602,59.87,8077.06,2.0,53.446
REC-00970,Compressor,Day,Packaging,59.65,56.234,0.9007,8.095,18.21,3635.24,1.0,44.211
REC-00971,Fan,Night,Process-B,68.271,65.313,1.0845,4.534,126.74,9349.43,1.0,65.603
REC-00972,,Day,Process-B,,56.53,1.7725,9.211,55.99,3555.74,0.0,68.235
REC-00973,Compressor,Evening,Process-B,72.527,49.795,2.4187,10.14,85.12,2312.24,2.0,88.02
REC-00974,Fan,Evening,Process-A,44.77,83.579,0.9395,12.357,31.72,227.91,1.0,59.491
REC-00975,Fan,Day,Packaging,87.199,60.655,2.886,10.936,190.17,6421.35,1.0,60.319
REC-00976,Fan,Night,Packaging,74.072,51.487,1.2841,4.928,75.99,3258.63,0.0,34.578
REC-00977,,Day,Packaging,84.871,59.801,0.8947,4.112,135.1,2988.72,1.0,37.077
REC-00978,Motor,Day,Process-A,61.948,79.838,1.6994,3.571,143.53,6135.57,0.0,60.623
REC-00979,Pump,Day,Packaging,47.25,49.258,2.4317,4.304,58.43,13180.01,0.0,50.323
REC-00980,Compressor,Night,Packaging,66.423,70.072,,13.664,41.51,2185.98,0.0,70.529
REC-00981,Motor,Night,Process-B,59.701,70.461,0.3305,2.601,79.46,1486.23,2.0,54.891
REC-00982,,Night,Utilities,69.297,68.213,1.0371,12.112,71.53,7182.23,1.0,58.124
REC-00983,Pump,Evening,Packaging,78.246,50.671,1.1922,,34.51,4872.42,0.0,33.109
REC-00984,Motor,Night,Process-B,94.318,,2.3099,5.682,105.75,5074.14,3.0,81.087
REC-00985,Pump,Evening,Process-B,73.924,66.648,1.4692,5.83,105.38,4460.14,6.0,90.2
REC-00986,Pump,Evening,Process-A,89.858,60.42,1.8002,11.885,30.05,4388.53,1.0,61.852
REC-00987,,Night,Process-B,64.033,60.382,1.2607,0.357,208.2,3379.85,1.0,63.001
REC-00988,,Night,Process-A,60.56,,1.9141,6.505,129.74,4277.98,0.0,60.489
REC-00989,Motor,Night,Process-A,43.761,65.042,1.5103,4.675,,2578.1,1.0,47.374
REC-00990,Pump,Day,Utilities,55.729,67.002,1.4116,5.766,44.43,2967.2,3.0,53.456
REC-00991,Motor,Night,Packaging,79.145,52.135,1.2767,22.0,6.57,8656.58,2.0,82.645
REC-00992,Pump,Evening,Process-B,42.749,79.2,1.0994,2.119,47.68,4345.99,1.0,72.165
REC-00993,Motor,Evening,Utilities,,70.211,0.857,4.892,113.91,6561.88,1.0,43.613
REC-00994,Motor,Day,Process-B,61.885,,,18.619,48.5,6329.27,0.0,66.197
REC-00995,Motor,Day,Packaging,102.423,67.13,,1.482,81.44,7338.44,3.0,60.092
REC-00996,Motor,Night,Process-B,49.287,,1.5502,,50.73,1748.37,3.0,60.339
REC-00997,Fan,Night,Process-A,64.537,52.368,1.7269,4.109,143.84,5857.08,0.0,53.752
REC-00998,Motor,Evening,Process-B,84.873,62.438,1.7885,8.628,39.54,15751.88,1.0,83.129
REC-00999,Motor,Evening,Process-B,45.502,43.622,1.1852,1.853,185.34,7434.97,1.0,61.567
REC-01000,Pump,Day,Process-A,63.47,76.243,3.0891,3.808,83.13,3988.04,2.0,72.431
REC-01001,Fan,Day,Utilities,63.588,74.009,3.6572,8.63,72.59,2789.65,0.0,40.322
REC-01002,Compressor,Day,Utilities,70.382,51.6,1.5832,10.242,32.08,10965.65,0.0,62.172
REC-01003,Motor,Evening,Process-A,67.046,90.121,1.2538,6.981,79.42,9460.09,0.0,79.283
REC-01004,Pump,Day,Process-B,59.674,71.104,1.115,3.128,47.51,9988.68,2.0,63.112
REC-01005,Compressor,Night,Utilities,85.379,68.287,2.3283,10.707,33.45,2519.22,2.0,87.312
REC-01006,Pump,Night,Process-B,76.876,58.8,2.9599,1.736,181.62,3659.93,3.0,78.528
REC-01007,Pump,Day,Process-B,74.411,,2.4114,4.635,22.69,2533.85,2.0,68.627
REC-01008,Compressor,Night,Process-A,68.661,61.585,2.3057,4.526,34.85,18000.0,1.0,106.051
REC-01009,Compressor,Evening,Process-A,46.98,79.615,1.3965,3.618,42.93,11361.91,0.0,79.665
REC-01010,Fan,Evening,Utilities,71.891,67.295,0.794,13.414,80.49,11759.03,0.0,51.351
REC-01011,Motor,,Process-A,56.945,72.617,0.8172,10.542,,709.91,1.0,37.806
REC-01012,Compressor,Night,,57.8,65.675,1.0103,10.885,144.27,11745.42,3.0,109.991
REC-01013,Compressor,Day,Process-B,54.612,70.88,1.3323,0.741,78.76,6223.12,0.0,62.958
REC-01014,Fan,Evening,Packaging,70.787,59.454,1.0973,5.754,52.45,,1.0,44.933
REC-01015,Pump,Evening,Process-B,70.327,59.642,1.5536,6.512,28.34,7363.83,1.0,65.481
REC-01016,Compressor,Day,Packaging,74.58,70.783,1.2692,9.092,146.72,6080.74,0.0,71.45
REC-01017,Compressor,Evening,Packaging,45.022,57.764,1.9983,6.155,42.4,4478.09,1.0,68.594
REC-01018,Compressor,Day,Process-A,61.928,78.637,2.3005,3.008,169.06,2658.55,1.0,82.314
REC-01019,Fan,Day,Process-B,83.639,69.564,1.1022,8.818,178.64,1081.59,2.0,61.268
REC-01020,Compressor,Day,Packaging,78.347,60.76,0.8237,2.033,151.03,9315.44,2.0,55.932
REC-01021,Compressor,Day,Process-B,86.14,67.699,4.0504,2.849,28.88,4260.78,1.0,88.252
REC-01022,Pump,Evening,Process-A,49.548,57.563,1.7554,,57.81,6288.05,0.0,67.193
REC-01023,Motor,Evening,Process-A,93.584,79.896,2.2553,14.454,98.25,8192.01,2.0,79.689
REC-01024,Motor,Day,Packaging,71.829,62.744,1.9558,1.313,92.42,4534.78,4.0,45.134
REC-01025,Pump,Day,Packaging,98.212,64.22,2.6275,13.765,103.54,11216.47,2.0,81.249
REC-01026,Motor,Night,Utilities,,62.62,1.2037,6.52,11.6,6921.1,3.0,54.212
REC-01027,Motor,Night,Process-A,27.886,80.834,1.9234,3.356,74.14,10304.04,2.0,67.686
REC-01028,Compressor,Day,Process-B,36.753,45.136,1.1237,8.2,123.26,1479.97,0.0,67.667
REC-01029,Pump,Day,Packaging,49.337,73.297,0.3698,8.127,184.92,10072.69,0.0,49.469
REC-01030,Compressor,Night,Packaging,98.975,74.935,0.8789,7.863,128.18,10494.14,1.0,100.107
REC-01031,Compressor,Night,Packaging,74.655,60.476,0.8178,0.897,72.69,5394.53,1.0,64.544
REC-01032,Pump,Evening,Process-B,,75.282,0.7004,8.155,22.96,10787.11,1.0,94.321
REC-01033,Motor,Night,Process-A,,65.527,1.6508,1.764,53.92,6624.21,4.0,75.19
REC-01034,Motor,Night,Process-B,64.322,73.703,1.8965,7.568,28.65,5871.25,2.0,71.94
REC-01035,Motor,Evening,Process-B,72.667,76.696,2.2198,8.807,78.21,3177.64,1.0,68.413
REC-01036,Motor,Day,Process-B,,72.641,0.7419,3.899,99.81,6485.15,2.0,60.057
REC-01037,Motor,Evening,Process-B,79.023,101.439,2.7756,7.494,108.86,5670.08,,118.635
REC-01038,Motor,Day,Process-B,100.799,64.036,1.5379,11.754,53.23,9912.86,0.0,70.479
REC-01039,Pump,Evening,Process-B,55.369,74.044,1.8903,1.136,68.38,5203.26,1.0,73.491
REC-01040,Pump,Evening,Packaging,81.818,79.402,1.4861,3.196,22.28,3333.36,1.0,62.197
REC-01041,Motor,Night,Process-B,86.178,78.08,1.5751,3.758,114.26,6057.19,0.0,79.085
REC-01042,Fan,Evening,Utilities,87.767,56.322,1.4761,3.66,259.72,5314.85,1.0,50.995
REC-01043,Fan,Night,Utilities,67.737,71.168,2.5485,1.657,68.96,748.38,2.0,52.906
REC-01044,Motor,Evening,Process-A,80.209,65.194,1.2367,11.817,76.25,3643.85,1.0,55.928
REC-01045,Motor,Day,Process-B,63.846,69.434,2.4444,22.0,58.31,8676.55,1.0,87.286
REC-01046,Motor,Night,Utilities,67.736,62.683,0.9183,3.35,40.31,3296.11,4.0,52.863
REC-01047,Pump,Day,Process-A,63.571,66.292,1.873,4.599,,10633.36,2.0,73.975
REC-01048,Compressor,Day,Utilities,95.457,58.403,2.4411,5.634,54.31,524.32,2.0,77.793
REC-01049,Compressor,Day,Packaging,77.753,,1.1989,5.256,113.14,4874.0,2.0,63.603
REC-01050,Compressor,Day,Utilities,61.119,51.587,1.2359,6.825,125.64,4547.21,4.0,58.692
REC-01051,Pump,Day,Packaging,92.152,75.402,0.8713,7.185,,5861.94,1.0,60.855
REC-01052,Motor,Evening,Utilities,64.504,62.206,1.6807,3.014,64.62,8533.54,2.0,61.567
REC-01053,Pump,Evening,Process-B,93.313,64.391,2.5519,19.673,132.61,5726.06,4.0,103.734
REC-01054,Compressor,Day,Utilities,65.384,78.42,3.4842,4.393,,4925.36,1.0,94.217
REC-01055,Compressor,Day,Process-A,63.12,70.775,2.8006,2.509,51.09,6559.71,3.0,72.009
REC-01056,Motor,Night,Packaging,80.076,47.714,0.4973,11.018,180.54,3745.97,1.0,57.265
REC-01057,Pump,Day,Process-A,53.574,65.715,1.6726,,16.31,4167.18,2.0,67.071
REC-01058,Fan,Day,Process-A,82.57,52.884,0.829,2.196,116.81,5880.07,1.0,51.733
REC-01059,Compressor,Night,Process-B,68.319,66.55,1.7931,9.783,42.33,3698.56,2.0,86.238
REC-01060,Pump,Evening,Utilities,96.075,70.165,1.2849,13.82,121.6,3520.65,0.0,74.447
REC-01061,Motor,Evening,Utilities,63.296,93.895,2.4473,2.798,86.7,5542.93,1.0,81.191
REC-01062,Compressor,Evening,Process-B,48.611,64.292,1.5415,1.927,197.62,3002.73,0.0,74.733
REC-01063,Fan,Day,Process-A,87.226,60.539,1.1234,2.053,48.13,1845.98,0.0,41.418
REC-01064,Motor,Day,Packaging,73.826,,1.6545,3.119,,4501.36,0.0,40.342
REC-01065,Motor,Day,Utilities,110.0,,1.5642,2.526,114.67,7091.04,0.0,53.857
REC-01066,Motor,Night,Process-A,58.686,66.845,1.6158,0.556,98.88,1589.69,0.0,46.436
REC-01067,Motor,Evening,Packaging,45.061,42.594,2.8974,2.728,20.91,2321.65,1.0,47.871
REC-01068,Pump,Night,Utilities,72.367,71.304,1.885,2.355,26.7,3270.95,,65.121
REC-01069,Motor,Day,Process-A,84.44,63.304,0.8724,5.643,82.78,4803.54,2.0,59.854
REC-01070,Pump,,Process-B,72.858,55.112,1.6938,6.242,127.01,,4.0,81.768
REC-01071,Motor,Day,Process-B,73.919,45.848,2.4832,10.875,79.12,1202.46,1.0,59.58
REC-01072,Motor,Day,Process-B,85.048,61.576,0.6891,10.966,72.02,6475.24,1.0,65.507
REC-01073,Motor,Evening,Process-A,93.808,74.805,0.9171,2.099,,2036.42,0.0,56.331
REC-01074,Fan,Day,Process-B,92.168,51.995,1.6886,9.658,,3707.37,0.0,55.912
REC-01075,Compressor,Day,Process-A,78.147,59.826,1.3732,6.233,70.74,,0.0,78.2
REC-01076,Pump,Day,Process-A,72.224,70.888,1.8519,7.897,,9817.31,1.0,57.299
REC-01077,Compressor,Day,Process-B,59.305,,,5.242,47.39,3873.35,3.0,81.516
REC-01078,Compressor,Day,Process-A,85.367,79.945,0.8058,1.092,,3163.52,1.0,80.104
REC-01079,Pump,Evening,Process-A,59.641,77.153,0.5857,5.208,66.23,6236.82,3.0,61.739
REC-01080,Pump,Day,Packaging,76.644,80.036,1.1154,,93.03,11431.97,3.0,70.86
REC-01081,Pump,Day,Process-A,87.729,,2.3863,12.332,217.12,,3.0,74.638
REC-01082,Compressor,Day,Packaging,43.78,73.898,1.6884,1.891,98.09,3258.09,2.0,65.082
REC-01083,Compressor,Evening,Process-A,65.16,,1.6352,18.943,,2340.73,0.0,100.038
REC-01084,Motor,Day,Process-A,72.594,55.137,1.3499,6.394,88.81,3612.15,0.0,57.044
REC-01085,Pump,Evening,Process-B,82.43,67.311,,22.0,22.09,4380.15,3.0,85.187
REC-01086,Motor,Evening,Packaging,87.701,50.97,0.6688,10.925,49.39,3056.77,1.0,43.28
REC-01087,Motor,Evening,Packaging,85.023,77.651,1.4615,16.899,74.25,3839.38,2.0,59.316
REC-01088,Fan,Night,Process-A,65.283,70.665,1.764,4.771,134.97,926.2,0.0,55.877
REC-01089,Motor,Night,,52.736,75.7,3.2248,11.114,245.83,5052.59,0.0,79.655
REC-01090,Fan,Day,Process-B,92.612,70.283,1.21,6.88,121.8,7194.91,1.0,59.74
REC-01091,Motor,Day,Process-A,53.879,60.706,,2.336,128.61,4759.04,1.0,53.044
REC-01092,Pump,Day,Process-A,70.035,63.117,,9.666,33.76,12209.95,1.0,69.487
REC-01093,Motor,Evening,Process-B,59.228,50.093,4.468,3.989,42.06,12383.56,2.0,90.461
REC-01094,Motor,Night,Utilities,45.001,54.586,1.5205,11.253,65.25,4924.91,0.0,48.832
REC-01095,Fan,Night,Process-A,71.029,63.266,,9.552,33.39,2030.09,2.0,46.329
REC-01096,Motor,Day,Process-B,61.163,53.751,2.3264,2.795,119.3,778.16,1.0,58.985
REC-01097,Compressor,Day,Process-A,64.23,94.25,2.4015,12.554,84.85,6837.67,2.0,95.471
REC-01098,Fan,Day,Packaging,61.789,52.527,1.3273,9.984,38.71,4340.77,,45.667
REC-01099,Pump,Day,Process-A,90.009,68.434,1.1237,2.478,21.36,7322.92,4.0,68.168
REC-01100,Motor,Day,Process-A,95.048,64.737,1.8183,5.492,109.86,5317.43,3.0,65.935
REC-01101,Fan,Evening,Utilities,46.856,79.494,1.0401,5.815,103.35,,0.0,53.145
REC-01102,Compressor,Evening,Process-B,65.713,44.473,1.2385,7.425,38.72,6002.89,2.0,83.612
REC-01103,Motor,Evening,Utilities,71.78,61.853,1.4921,4.442,95.8,1141.8,2.0,47.357
REC-01104,Compressor,Evening,Packaging,78.622,75.947,1.8816,,64.69,1599.64,4.0,78.505
REC-01105,Compressor,Night,Process-B,83.345,68.824,1.5044,4.958,91.37,3460.28,3.0,101.554
REC-01106,Fan,Day,Process-B,90.812,70.087,1.8015,4.401,20.6,3697.16,2.0,40.152
REC-01107,Motor,Evening,Process-B,91.513,67.1,2.2279,2.86,119.17,1540.4,2.0,66.396
REC-01108,Fan,,Process-B,94.423,60.559,2.2982,4.054,58.86,3445.01,1.0,51.732
REC-01109,Compressor,Day,Process-A,74.595,82.637,1.6918,5.739,43.1,,0.0,70.446
REC-01110,Pump,Evening,Process-A,58.262,61.327,0.9062,2.708,94.47,5411.15,0.0,55.689
REC-01111,Fan,Day,Process-B,65.646,65.592,1.9345,4.202,146.47,9260.83,0.0,61.405
REC-01112,Motor,Day,Packaging,75.766,69.697,1.1971,3.544,49.55,3525.79,2.0,34.808
REC-01113,Pump,Night,Process-A,,59.423,1.9345,2.944,,5995.46,1.0,80.523
REC-01114,Motor,,Utilities,60.436,56.37,0.8699,0.597,31.6,3424.75,0.0,39.756
REC-01115,Compressor,Night,Process-B,94.563,66.365,1.9002,15.909,156.25,4983.39,2.0,120.977
REC-01116,Motor,Day,Process-A,79.814,72.072,,6.933,146.25,3654.51,3.0,65.609
REC-01117,Motor,Evening,Process-B,51.764,66.952,2.1992,13.723,51.03,5049.92,2.0,67.828
REC-01118,Compressor,Day,,107.345,65.055,1.6615,6.626,138.66,4015.0,2.0,80.275
REC-01119,Motor,Day,Process-B,93.138,65.593,2.3106,11.187,74.67,10676.28,3.0,75.301
REC-01120,Fan,Evening,Utilities,76.15,73.448,1.5857,5.098,9.62,2251.52,1.0,45.834
REC-01121,Pump,Day,,79.326,56.611,1.6044,4.215,54.9,7168.15,1.0,67.597
REC-01122,Fan,Night,Process-A,78.867,58.488,3.0755,5.144,,3406.69,1.0,71.68
REC-01123,Fan,Day,Process-A,83.937,81.78,1.1126,1.947,79.41,,,60.737
REC-01124,Motor,Day,Process-A,95.901,70.951,2.7071,3.291,62.34,4206.39,1.0,65.171
REC-01125,Pump,Evening,Process-A,49.277,,2.3047,5.749,53.17,887.98,0.0,58.601
REC-01126,Compressor,Evening,Packaging,80.686,79.145,2.7024,9.088,120.68,10657.29,1.0,101.527
REC-01127,Fan,,Utilities,72.778,77.651,0.7507,2.559,53.51,7527.98,2.0,55.009
REC-01128,Fan,Day,Utilities,79.422,64.962,2.9787,4.247,,4456.9,4.0,51.33
REC-01129,,Day,Process-A,95.011,,1.6702,4.182,11.08,4037.3,0.0,81.909
REC-01130,Motor,Evening,Process-A,65.624,50.721,1.6709,4.542,115.78,6106.56,0.0,60.229
REC-01131,Pump,Day,Process-B,82.162,74.208,1.12,,54.54,1630.92,3.0,60.52
REC-01132,,Night,Process-A,69.617,76.058,1.4728,9.963,114.32,2870.12,1.0,91.095
REC-01133,Motor,Day,Packaging,101.627,89.363,1.7757,0.398,120.24,9539.66,1.0,66.697
REC-01134,Pump,Day,Process-A,63.399,73.239,1.5216,15.297,168.39,1608.34,1.0,70.648
REC-01135,Fan,Evening,Process-B,68.143,57.728,1.2051,5.458,46.21,13209.59,2.0,63.424
REC-01136,Motor,Evening,Process-B,,68.725,1.8114,7.614,63.61,2546.71,0.0,65.573
REC-01137,Pump,Night,Utilities,86.68,74.561,4.1963,10.543,228.07,2770.11,1.0,86.96
REC-01138,Pump,Evening,Process-A,68.189,80.913,1.0192,5.95,,2514.35,3.0,62.444
REC-01139,Compressor,Day,Packaging,61.702,83.943,1.2719,7.33,50.71,14263.95,3.0,80.096
REC-01140,Motor,Evening,Process-A,62.671,76.703,1.8657,3.9,18.18,2359.35,2.0,58.936
REC-01141,Pump,Day,Process-B,84.633,65.379,1.1789,5.09,101.13,1819.7,3.0,78.013
REC-01142,,Night,Packaging,87.53,81.534,2.2168,5.919,12.4,6266.7,2.0,61.519
REC-01143,Motor,Night,Process-B,54.527,,1.1253,9.297,20.19,8063.76,0.0,83.969
REC-01144,Motor,Day,Utilities,69.196,83.32,1.516,3.579,38.54,2238.64,2.0,49.276
REC-01145,Compressor,Day,Process-B,70.338,54.371,0.9158,3.162,53.39,4333.79,0.0,73.182
REC-01146,Fan,Evening,Utilities,85.529,62.573,2.1245,6.744,61.63,4027.32,1.0,39.218
REC-01147,Compressor,Night,,57.848,67.536,1.1545,0.88,,3130.3,0.0,79.324
REC-01148,Compressor,Day,Process-B,50.469,58.32,,20.461,35.07,5791.54,3.0,101.36
REC-01149,Pump,Evening,Process-B,,72.483,2.0899,7.205,5.58,3714.89,1.0,74.426
REC-01150,Motor,Night,Utilities,72.227,51.196,1.1688,5.846,83.95,9746.86,2.0,68.288
REC-01151,Pump,Night,Process-A,76.893,67.646,,4.191,232.46,1473.48,2.0,76.484
REC-01152,Motor,Evening,Packaging,101.55,66.587,0.975,8.762,170.0,11107.49,3.0,59.837
REC-01153,Compressor,Evening,Process-A,84.146,83.92,0.5097,7.47,,621.98,3.0,86.705
REC-01154,Fan,Day,Packaging,81.131,61.485,1.9323,4.216,85.56,3226.27,0.0,41.87
REC-01155,Motor,,Process-A,88.484,55.503,0.8592,6.322,120.95,11608.91,4.0,67.714
REC-01156,Compressor,Evening,Process-B,32.07,71.092,,15.802,15.49,2176.61,1.0,71.571
REC-01157,Motor,Night,Packaging,90.25,70.835,2.3342,4.578,15.93,4982.34,,52.689
REC-01158,Motor,Day,Packaging,66.632,65.265,1.0682,8.593,126.61,3525.86,1.0,42.063
REC-01159,Fan,Day,Process-A,82.97,61.746,3.6129,1.061,218.76,9628.25,3.0,60.441
REC-01160,Pump,Night,Process-A,80.343,76.42,2.4451,3.378,6.27,5081.26,2.0,74.673
REC-01161,Compressor,Night,Process-A,56.715,79.106,0.7459,4.282,56.98,4829.6,1.0,76.216
REC-01162,,Day,Process-B,99.296,56.422,2.0305,,163.76,1321.71,1.0,45.951
REC-01163,Fan,Night,Process-B,,56.971,0.7589,3.704,75.92,3786.73,0.0,65.532
REC-01164,Fan,Evening,Process-A,79.745,76.405,1.5734,8.424,201.94,6194.46,2.0,75.724
REC-01165,Motor,Day,Process-B,94.59,65.169,2.8893,14.471,64.15,9981.07,1.0,72.728
REC-01166,Pump,Day,Process-B,104.144,79.316,2.0444,4.917,130.76,6220.72,4.0,89.418
REC-01167,Pump,Day,Process-A,109.477,71.172,2.7776,7.558,67.14,5697.09,2.0,85.722
REC-01168,Compressor,Evening,Packaging,68.592,46.916,1.0247,12.604,191.48,8643.23,1.0,83.838
REC-01169,Compressor,,Process-A,110.0,74.669,2.8689,1.912,38.38,954.22,2.0,86.622
REC-01170,,Evening,Utilities,72.661,72.137,1.0882,3.002,29.44,8934.38,1.0,55.521
REC-01171,Pump,Night,Utilities,,60.017,1.8359,4.4,36.68,5120.0,1.0,55.656
REC-01172,Pump,Day,Process-A,79.545,84.806,0.6033,3.15,37.55,4178.36,2.0,61.723
REC-01173,Compressor,Evening,Utilities,68.415,44.884,1.7036,5.156,122.58,5591.93,1.0,77.869
REC-01174,Compressor,Day,Process-A,68.127,76.598,1.8269,3.155,102.07,2025.35,3.0,81.069
REC-01175,Compressor,Day,Utilities,67.322,58.774,1.1107,1.886,227.43,1752.4,1.0,68.812
REC-01176,Pump,Day,Utilities,90.334,63.284,,6.906,156.4,6630.18,2.0,76.853
REC-01177,Motor,,Process-B,63.064,,1.702,7.588,75.18,4583.65,1.0,69.472
REC-01178,Compressor,Day,Process-A,62.042,57.537,2.2701,10.896,5.58,5400.6,3.0,77.433
REC-01179,Pump,Day,Process-B,,75.041,1.0727,9.588,252.47,6535.3,5.0,88.037
REC-01180,Motor,Night,Process-A,89.502,65.167,1.3392,15.097,53.62,1555.48,,69.099
REC-01181,Motor,Night,Packaging,73.867,81.752,1.4867,0.664,55.83,2979.23,0.0,58.135
REC-01182,Motor,Day,Utilities,,61.464,1.0321,1.556,24.78,7737.79,1.0,40.652
REC-01183,Motor,Day,Process-B,30.684,68.799,0.7817,5.601,26.39,9444.88,0.0,42.907
REC-01184,Pump,Evening,Utilities,59.041,73.939,2.1176,4.332,,3509.15,0.0,51.596
REC-01185,Compressor,Night,Process-B,66.702,58.966,2.8703,18.401,201.42,3263.53,1.0,95.467
REC-01186,Pump,Day,Process-B,75.416,72.083,1.7962,,125.32,14385.78,1.0,85.693
REC-01187,Compressor,Evening,,62.193,62.615,2.1015,4.429,80.77,5727.15,2.0,65.878
REC-01188,Fan,Day,Utilities,83.983,,2.0495,5.536,168.69,7566.21,1.0,56.464
REC-01189,Motor,Day,Process-A,79.332,68.376,3.2806,5.292,61.07,3930.23,1.0,64.75
REC-01190,Motor,Evening,Utilities,82.611,78.911,3.8026,3.162,,4636.96,1.0,65.583
REC-01191,Pump,Night,Process-B,87.613,70.265,2.3971,3.171,144.31,5789.84,3.0,94.103
REC-01192,Pump,Evening,Process-A,100.485,58.67,1.7572,0.78,101.56,6266.52,0.0,65.474
REC-01193,Compressor,Day,Packaging,44.627,50.644,,1.222,,5338.58,0.0,65.237
REC-01194,Motor,Day,Process-A,65.05,82.133,2.2809,9.32,183.68,10097.61,3.0,80.644
REC-01195,Motor,Evening,Process-A,66.752,51.866,1.0184,8.77,81.24,3589.38,0.0,45.351
REC-01196,Pump,Day,Process-B,58.219,66.474,,1.842,71.61,5770.47,2.0,61.147
REC-01197,Compressor,Night,Process-A,67.093,61.846,2.1957,4.944,139.89,11944.21,0.0,86.593
REC-01198,Motor,Day,Process-A,,64.751,2.0521,15.546,72.26,5565.47,3.0,58.498
REC-01199,Pump,Day,Utilities,50.571,53.978,2.556,4.907,20.04,1732.2,0.0,42.404
REC-01200,Fan,Day,Packaging,71.275,66.987,2.161,5.329,64.47,6783.57,3.0,61.504
