feature_x,feature_y
-0.04527,-4.36571
-4.18805,-1.04424
0.57185,3.36547
4.62528,-0.46372
-3.40941,-0.96478
-3.72514,-1.28248
-4.42405,-0.71961
0.41072,-2.10684
-1.91389,0.67616
-1.40813,2.10555
-0.87284,3.19402
5.25215,-1.43184
-4.40323,-1.89695
-4.07796,-0.67327
0.56475,2.6621
-1.14434,1.93991
-1.23259,1.50703
0.67395,-4.24886
4.71186,-0.44444
4.53901,0.16439
-2.72518,-1.76518
0.34187,-4.77184
0.32356,2.22936
5.1629,0.33359
3.81681,-0.227
3.2687,-0.42018
-3.89004,-0.81337
0.39682,-4.09796
1.59259,1.94692
-4.48004,-2.45872
-1.78827,2.64131
-0.72805,-3.07619
0.14825,-3.41102
-4.24286,-0.95327
0.22903,4.11464
0.74074,2.85616
-4.8594,0.31826
3.87257,-0.56771
-3.1128,-0.07829
1.0666,-3.48252
0.8168,1.75297
-4.06426,-0.84216
4.22518,0.48208
5.16523,-1.40557
-3.68531,0.01573
-4.02641,0.31209
-4.05172,-1.53298
0.28751,2.1143
-0.05069,2.22003
1.9845,-4.33228
4.75815,0.23838
-0.69485,-2.51619
-0.04311,2.98804
0.11167,-2.65224
-1.44081,2.19282
-0.71098,2.08221
0.19776,-4.79682
-1.7743,1.05458
4.01875,-1.45335
6.0695,-1.36627
-4.06811,-1.54841
2.6784,-5.26074
1.02147,-3.0373
0.09609,1.994
4.31683,-1.27733
1.62152,3.06913
-3.72801,-1.45132
4.19362,-1.41251
1.18937,2.58744
2.16142,-3.01709
0.0569,3.14971
4.279,-1.41977
-3.8996,-1.01966
4.09379,-0.75265
-3.84426,-0.57167
-3.1189,-0.03432
5.74785,-0.25756
1.12533,-4.28044
4.80374,0.13972
3.98979,0.40883
5.06168,-1.08355
-0.13135,2.57635
3.87333,-0.1863
-0.30649,2.51961
0.58219,-4.41682
-0.15017,-3.13051
0.32489,-4.61239
4.97698,-1.61483
-4.02838,-0.50486
-5.21482,-0.83782
-4.60693,-0.73951
0.31091,-3.40405
0.7182,-3.59582
-5.3495,-1.13603
1.57084,-3.51797
-0.02384,3.68049
-0.9045,2.70956
0.01422,3.62272
-0.04797,-4.00835
0.2671,-4.32986
0.41896,2.16812
0.28373,-4.46375
4.88028,-1.35668
3.53218,-1.46757
0.27031,-4.19134
1.79237,3.33728
-0.76126,3.31336
-3.82406,1.11692
5.40572,-0.58335
1.55801,-3.62234
0.10278,2.89594
-2.53274,0.47541
-2.96159,-0.71838
0.19153,-3.98251
1.50814,-3.18747
-3.32596,-0.21622
-4.15481,1.2779
-0.71183,2.40961
-1.13169,1.73261
0.58694,3.44663
3.99716,-1.34456
4.1295,-0.49484
1.15306,-3.83304
-2.30378,0.40773
-2.97859,-0.0278
3.68151,-1.79742
5.75416,-0.07853
-3.90186,-1.47272
0.72626,2.58766
-4.68717,-0.4354
4.03521,0.51851
0.06583,-3.07749
-1.20701,0.79095
-0.45943,3.87284
-0.68454,2.99972
3.92467,-0.30974
0.17302,1.64764
-3.95743,-0.23627
-2.91732,0.21097
5.11765,-0.78698
4.90074,-0.65518
-3.93119,-0.424
0.3905,-3.64601
3.19311,-0.98059
1.0487,-3.63339
-1.02198,2.67533
-1.16265,2.73229
-0.43793,3.25918
-2.32844,0.33274
-4.28643,-0.36828
0.95032,-3.52152
-5.91685,-0.43271
1.29246,2.18405
-4.8326,-2.42432
3.63255,-0.50439
0.6479,-3.09443
-4.79715,-1.83548
0.13173,-2.77355
-1.68723,2.85265
-0.4847,3.85399
-3.21767,-1.68633
-2.92142,-1.34459
-3.859,-0.99067
0.49912,2.83577
0.37106,1.90749
-1.40248,1.47234
4.24344,-0.2087
4.44821,1.03595
0.20556,2.23983
-4.75581,-2.357
-0.61711,4.25648
0.1145,2.67943
-0.10505,-4.31728
-0.49466,2.38723
-5.06874,-1.33897
0.21081,-3.50846
-3.84732,-1.37816
-3.61936,-1.30891
-4.584,-0.45802
0.75772,2.47512
-3.40474,-0.13216
-1.37219,1.2194
0.58897,2.89132
-3.62763,-0.96752
-4.05452,0.21299
3.82111,-1.00395
-1.17004,2.44011
-0.14393,-3.41365
-2.98475,-0.17197
-4.21915,-1.10038
0.38424,2.80349
1.00165,1.8217
-0.39282,2.43843
4.37043,-0.88733
-0.2037,3.42168
-2.21183,-1.95263
-4.00596,0.54859
0.18191,3.36628
0.15665,2.25096
-0.94104,2.57926
4.17537,0.17816
-1.76741,0.92389
3.6227,-0.90729
0.42849,-4.08181
-0.15922,-4.30565
-3.58626,-0.19722
-0.81997,3.00555
-3.69069,-0.90804
0.7804,-3.8143
3.83969,-0.77261
-3.3912,-0.94975
-0.22709,2.89713
-1.28819,1.95395
-4.35295,-1.55989
-0.17368,2.78232
0.94025,2.01345
0.83962,2.89909
-4.47966,0.16775
0.36611,-3.61795
-0.49768,-4.15421
-4.56304,-2.32337
4.47299,-0.71735
-0.30506,3.72705
1.16503,2.61115
-3.29456,-0.66118
3.73927,0.01026
-3.46595,-0.05084
0.31426,3.33778
-3.21641,-0.50558
-0.18663,-3.22986
0.20819,-3.18238
-0.83667,2.42356
4.37418,-1.19609
3.81191,0.96073
0.53858,2.31399
3.89497,-0.03197
3.92716,-1.17428
1.25565,-4.22349
-0.11149,2.62608
3.71624,-1.53254
4.08348,0.10537
-3.14546,0.26455
-4.14184,-1.50952
5.18669,-0.27988
-5.16911,-1.27193
2.8581,-0.26816
-4.59717,-0.60024
-0.02307,2.38215
0.40466,-3.44961
0.72388,-4.01389
-1.7316,1.03874
-3.6874,-0.80239
0.13234,3.04385
-4.19752,-0.70677
-3.64798,-2.16128
-2.65364,-1.64366
3.79806,-1.14868
-4.64439,-1.02962
4.3051,-0.89955
1.58381,-3.30683
0.54363,2.59386
-0.4838,2.04409
-0.28782,2.78582
-4.18722,0.14755
3.21899,-0.54036
0.64073,3.42076
-0.95128,2.06983
-4.8193,-2.04596
-0.05955,3.077
0.45487,2.63602
1.39463,-3.72879
-4.00974,-1.44828
0.46445,2.68154
-0.35779,-4.9218
4.18632,-1.57093
4.81746,-0.54167
0.24277,2.54372
0.00251,-3.25347
-1.48382,2.74648
-0.47479,3.68972
3.48417,-1.36498
-4.06923,-0.93558
3.52296,-0.21969
-0.44687,2.76348
0.21958,2.45448
3.67656,-0.55974
-3.91492,0.84213
0.05087,-4.30167
-4.78224,-0.68139
-0.41709,-4.57945
1.6436,1.89864
1.52322,-4.04072
3.11178,1.43678
1.94288,-4.14504
4.43525,-0.44568
-4.0207,-0.49287
-0.7087,2.59379
0.20392,1.89228
-0.04889,3.31662
-4.76645,-2.6183
0.44972,2.41275
-0.06287,-3.58996
5.6777,0.27977
-3.92851,-1.27514
4.25189,0.54373
-0.31847,-2.21919
4.08493,-1.35837
-0.16444,-3.57934
-0.95227,2.24877
-2.65941,0.26183
1.21308,-3.8026
-3.09927,-0.35088
0.12321,-3.38592
0.21458,-3.52669
4.22458,-1.23548
4.61493,-1.42437
-3.75064,0.16401
4.18543,-0.37148
3.16564,-1.06788
4.29406,-0.64618
-0.23427,2.90124
-2.8937,0.20864
4.98157,-1.23204
0.25089,1.49409
-3.64693,-0.53912
-3.5943,-0.35033
3.29174,-0.48767
-4.48675,-1.18909
0.61626,-4.04493
4.12729,0.57909
-4.08363,0.24124
-3.77362,-0.36463
3.22781,-0.95469
1.2796,-4.19698
-5.58464,-0.93193
-0.49694,2.63094
4.24857,-1.20922
4.86438,1.02821
-3.49639,-0.36424
4.40706,-0.37231
1.87733,-3.72755
3.76533,-1.05902
-0.61239,3.23821
0.29416,-4.40898
-3.36931,-2.47853
0.07607,3.13813
0.47172,2.9685
-0.76985,3.36787
-0.11197,3.35944
-0.69765,2.06926
4.22041,-0.30544
-2.44395,0.58247
1.28893,-4.47251
-0.99113,3.89068
0.1908,2.62821
-0.52335,-4.46889
-1.66333,1.56417
-4.12873,-1.54184
-3.77208,-1.70727
4.01869,1.15512
-1.75079,-4.3918
-4.19678,-1.37663
1.0108,-3.29974
1.55072,-3.48511
4.88931,0.94546
4.5416,0.91485
4.70961,1.70001
4.55599,-1.40019
-0.8026,3.41956
4.99727,0.36258
4.78351,-0.87131
-1.11577,-3.29829
-3.12571,-1.27033
5.5558,-1.26086
1.44215,-4.5825
4.36157,-0.47195
4.50587,-0.24069
5.05783,0.08199
4.37687,-0.53343
5.46872,-1.98493
0.86799,-3.76569
-1.36435,1.55597
-0.80298,2.97911
-4.5761,-1.86614
-4.11842,-1.62982
-3.73046,0.09142
0.3283,-1.98947
-2.23942,-2.44859
-0.41331,-3.51373
-3.47769,1.34723
4.08501,-1.00446
-0.13495,3.2459
0.10806,3.57832
4.35845,-0.94268
0.11445,3.9325
5.66379,-0.22168
3.40248,-1.31212
4.33985,0.24352
0.37216,-4.65262
-0.03395,-3.96453
0.12659,-4.82291
-3.46117,-0.31346
0.4738,-3.63528
-1.33676,-4.21166
0.70963,-3.65353
-0.96642,2.08175
-0.28857,3.29023
0.47128,-4.11146
0.00119,-3.90614
-4.66072,-1.53752
-0.06172,2.77907
4.19618,-0.52114
-4.9892,-1.03057
0.90427,-2.87938
0.11434,-2.42131
-4.43104,-1.35466
5.01923,-0.29571
-4.16283,-1.23217
-1.91178,0.63742
0.72358,-3.76518
-4.26926,-1.26806
-0.90866,-4.27004
0.5507,-4.33192
4.13966,-0.0005
-2.91521,-0.45582
3.8411,-1.09385
1.46017,-4.04142
-4.68384,-0.98301
-4.40006,-0.7481
-4.86249,-1.84381
1.43157,-4.55999
4.16508,0.01369
1.08215,2.5977
4.48751,-1.67516
3.65691,-0.96964
3.69296,0.67862
-0.30194,2.32021
0.40966,-3.57049
-0.67588,3.28121
-3.58041,-0.31253
0.48723,-3.48054
-2.92225,-0.22459
4.43613,-1.37153
-0.71038,2.32179
-0.72484,2.54647
0.14984,2.38451
5.18617,-1.56733
-4.3317,-0.18648
-0.33978,-4.55654
4.85716,-0.10242
-3.32862,0.39262
-3.73102,-1.86062
-4.06138,-0.72427
3.33442,-1.47391
-0.56017,3.74037
3.59952,-0.533
0.19547,-3.52499
-2.7117,-0.51145
-0.43891,-4.07516
-3.8716,-2.19382
1.34984,2.51301
0.36391,-3.20204
4.01989,-0.3126
-2.87256,0.03209
-0.55259,3.86554
0.50329,-3.21233
0.59916,-3.45744
-4.06311,0.41792
0.73295,3.08026
5.88436,0.17784
3.62862,-0.72195
4.18518,0.89576
-3.02,-2.31843
1.10839,-3.13731
0.74973,2.74923
4.7313,-0.54177
3.35211,0.13336
3.59467,-1.27447
-0.55975,1.92813
3.27236,-0.54167
1.6709,-3.14712
0.63571,-3.7098
0.71473,-2.89487
-4.83758,-1.12562
0.31271,-3.11461
4.64389,-0.20069
-0.61688,3.75698
4.20259,-0.52159
-0.69381,-4.3316
4.62825,-0.24812
-4.28047,-1.84059
-3.4475,-0.13752
-0.81805,3.11893
0.79108,-3.43916
3.65233,-0.98787
-2.80008,-0.13181
1.15921,-4.6278
-0.58218,3.18934
0.25601,-3.41583
3.12362,-0.53938
0.51959,-3.53373
-0.35571,-3.47128
-4.72829,-0.22927
0.29259,2.64261
3.97125,-0.0926
0.03212,3.47535
0.29183,2.62338
-1.11459,2.03847
-4.24311,-0.74057
-0.88417,-3.34239
-0.09192,3.26601
4.89446,-0.44539
0.65412,-3.34508
1.17651,3.8052
1.14116,-2.32447
-1.59537,1.30593
-4.34883,-2.11301
0.26528,2.81033
0.32541,2.8838
3.76753,-0.9736
4.46031,-0.73118
-0.09238,2.40176
0.87795,3.26072
-0.22923,2.61689
5.32003,-0.38172
4.11522,-1.10845
0.83059,-2.5246
-3.33124,-0.39022
3.81877,-0.41546
0.08759,2.02093
0.63534,1.0607
0.54505,-4.35401
-3.38286,-1.76739
-0.32396,-4.20374
0.4523,3.46957
0.52751,2.80826
-3.85947,0.02247
-1.02396,1.71468
0.11749,3.03359
-4.70645,0.12567
3.44836,-0.56567
-2.09679,1.1434
-3.47582,-1.83951
0.3385,-3.79662
-4.02491,-0.91979
-3.7733,-2.13429
-3.15458,-0.08362
0.65104,3.15832
-2.00416,0.5741
-3.4153,-1.6808
1.04117,-2.83857
1.15776,-5.43404
4.79992,-0.52125
-0.86458,2.9032
0.94339,-4.47676
-0.79243,1.8249
-3.54595,-0.85215
5.25262,-1.60533
-0.40834,-4.02606
4.3717,-1.23422
0.65891,-4.20766
-4.46078,-1.51261
0.36392,-3.93918
-4.19983,-1.51284
5.10813,-1.29893
-0.44665,-3.26002
3.30152,-0.44243
-5.26302,-0.29549
0.54721,-4.05884
0.54187,-3.20573
-0.29127,1.97692
-0.63395,-3.14974
-3.60678,-0.48962
4.40552,-0.5264
2.02613,2.55029
-4.61108,-1.15491
0.41208,-4.20163
0.26494,-3.20918
3.7369,0.29922
-3.37807,-2.34216
-3.09207,-0.25699
4.16978,-1.43752
0.83547,2.55937
-3.21191,-1.59863
0.34639,2.8145
0.3924,-4.59607
-4.54425,-0.66853
-0.98795,2.79659
-0.00179,3.29554
0.02406,2.40745
5.18235,-0.93464
-3.7783,-1.40426
3.58752,-1.04385
-4.10131,-1.87891
-3.43397,0.39674
-4.08228,-1.2784
0.39763,-3.79372
2.87151,-1.0135
1.55571,-3.10002
4.7264,-0.18562
4.99555,-0.85047
3.36628,-0.05452
0.36347,-3.54684
-3.4332,-2.05438
0.78798,-3.53676
-0.552,-4.15364
-0.32477,3.39313
-4.70807,-1.26194
1.15662,-3.43642
-0.68625,1.97188
4.66784,0.53787
-3.73407,-1.67008
1.42235,-3.61267
3.66951,-0.03939
3.92103,-2.16493
-0.13483,3.40951
-3.42192,-0.32916
-0.01253,-3.75946
-3.10072,-0.19889
-4.34534,-1.94959
0.29654,-2.8306
5.02082,-1.42617
-0.46167,-5.21766
0.81448,-4.63209
0.75734,-3.52164
0.3825,3.07527
-1.1597,1.66257
-3.97233,-0.65482
0.19378,-3.66055
0.57142,-3.66277
-3.17666,-0.90177
0.24649,-3.34756
-3.34577,-0.612
-3.6916,-2.1489
0.52532,-4.34556
-3.70237,-1.21704
3.96503,0.22474
0.91202,-3.45793
-3.74485,-1.71749
0.18278,1.5331
0.56131,3.24601
4.23711,-1.68876
-0.34562,-3.86041
4.289,0.1959
-2.11074,0.74265
-0.16476,4.18339
-4.54531,-1.44951
0.86868,-2.30306
-0.85094,3.52826
3.92175,-1.30712
0.92956,2.52551
-0.65496,4.57966
0.76266,3.08269
-0.17962,2.84079
-3.88181,-1.81535
-0.29449,2.14118
0.10273,2.49541
1.15956,-4.04026
-0.01231,3.90608
3.49126,-1.20661
3.28681,0.55302
3.73431,-1.15612
-0.32744,-3.48493
1.20766,-2.57185
0.06898,3.55807
-3.57881,-1.05053
3.99914,0.19376
0.35592,2.1889
0.53087,-2.91723
5.28331,-0.41259
-4.02949,-2.57723
-3.15711,-1.08103
4.6104,0.19294
0.15391,-4.43244
4.87071,-1.25269
-5.49182,0.38191
-4.90217,-0.43901
0.97848,2.41356
0.09257,3.51351
-2.17031,0.60258
1.0186,-4.61622
-0.11039,3.28562
4.37276,-0.30312
2.13865,-0.8645
5.2391,0.1556
-0.09089,2.91936
-4.87164,-0.28483
-2.4317,0.09539
-0.3558,-4.37313
0.43186,2.99729
-0.33464,2.37564
0.45684,1.26929
0.06508,-3.50853
-0.5892,-4.98258
0.80196,2.13693
0.0491,3.71759
-0.02652,4.03013
-3.77501,-0.83255
3.64091,0.22652
5.44827,-1.78777
1.23036,-4.01942
-1.18266,3.02409
4.98192,-1.39094
0.40388,-4.1873
0.30859,3.14861
-3.14124,0.27873
1.48907,-4.14987
-3.22561,-1.8828
2.83342,-0.93715
0.838,-5.51984
4.45534,-2.11884
3.94207,-0.1512
-0.50776,2.58109
-5.06289,-0.49529
-3.29515,-2.1212
-1.19525,-3.22649
-3.62883,-1.71817
-0.31072,3.19277
-0.28551,-4.00193
-3.05703,-0.27731
-2.03089,0.63591
0.45268,-3.69376
3.04414,-0.62262
-0.3453,-2.85096
-0.2621,-3.57528
-3.47552,-2.51198
-4.8328,-0.55346
-1.45758,3.88473
3.9148,0.07118
3.94505,-0.32628
-0.30656,-4.82619
-5.24964,-0.5125
4.83432,-0.23664
-0.90874,2.17097
1.0159,3.87931
-0.50182,3.21001
1.01771,-4.04572
-0.58101,2.14232
-4.54145,-3.39474
-4.55605,-1.93378
0.24801,2.25669
0.45858,-4.19109
-2.5966,0.53869
-1.58336,1.14944
-1.76108,1.06812
-4.42996,0.91284
-2.49823,0.40908
3.97134,-0.78827
0.7426,-3.20823
0.47038,-3.99198
-0.72272,3.05556
3.94045,-0.3678
0.05469,-5.69949
-5.01361,-1.60961
4.45455,0.22871
-3.99537,-0.56321
-4.08111,-0.51739
-0.23987,2.65462
-4.60231,-0.51843
0.52455,2.79176
-3.89423,-0.13686
0.06616,-3.91578
-4.17026,-1.06661
-4.79983,-1.5691
-4.02899,-0.70825
0.28711,3.03903
3.39654,0.44434
-3.78842,-0.81846
-4.3504,-0.97051
4.71775,-0.25593
-2.92448,0.04802
3.40431,-1.59786
3.57257,-1.36394
0.80227,-3.35311
4.53727,-0.19796
-0.0608,-2.60172
-0.61957,2.15334
4.98859,-1.74412
-1.4115,3.47557
-4.45667,-2.17931
4.42251,-0.09899
1.06501,-2.77405
-4.08052,-0.66716
0.15865,2.00731
-4.28753,-0.57119
-4.01264,-1.71015
-0.18568,-3.24778
4.64613,-0.07578
-0.26458,3.53485
-0.35907,-3.18583
0.43917,2.38194
0.11164,2.19732
-4.55734,-1.5878
0.71262,-4.00398
0.49024,-4.21
3.42014,-0.34768
0.49834,2.98098
-0.39076,-4.50201
1.11345,-3.44722
-0.06085,-4.10752
1.58197,-2.70702
-0.63821,3.51662
-3.73483,-1.5656
-4.87714,0.25464
-0.62963,-3.83704
-3.74719,-2.15838
-1.46865,-3.62312
-0.31887,2.33899
0.06409,3.16328
0.30017,3.41845
-5.08748,-0.63014
4.30508,-0.263
0.43802,-4.30158
-4.89225,-0.7664
0.04459,-3.33063
0.57659,-4.37767
-5.02498,-1.20019
5.24429,-0.46587
-0.31144,3.20672
-5.27855,-2.08213
0.30315,-3.70661
-0.82731,3.43438
-4.64781,-1.2905
1.99471,-3.5703
4.21854,0.10248
4.19627,-2.03218
-4.84612,-0.24029
-5.50541,-0.65764
0.15839,2.97493
5.96736,-0.3595
-3.69252,-0.59093
0.1485,-3.06839
-1.58458,1.31525
-4.95671,0.41296
-3.59824,-1.38774
-4.27369,0.09476
0.03336,3.00124
-3.20491,-0.70792
-0.40655,2.87181
4.74469,-1.20857
1.14225,-4.11472
0.4017,-4.5444
-5.13502,-2.22381
-4.44397,-1.01214
4.01157,-0.50179
3.57615,-0.19023
-0.08164,-3.11611
0.31646,2.61559
-4.47503,-1.1698
0.75868,-4.30292
4.11349,-1.93666
-0.31357,2.10921
-0.03186,2.82968
3.22997,-0.63699
0.02717,2.72741
0.18187,1.53501
4.49555,-0.81493
4.60975,-0.9671
0.5334,-3.60033
0.02254,-4.50511
-1.92848,2.56531
-3.40149,-0.44378
3.56753,0.55144
0.2083,1.94381
4.61334,-0.44314
0.3681,-4.53584
-3.80571,-0.01437
0.34767,-3.99872
5.3614,-0.6081
-5.21451,-0.78666
-0.02012,-2.65938
-0.35764,3.80793
4.14231,-0.30853
5.38789,-1.40288
3.35255,-2.78192
3.05018,-2.06488
-4.86409,-0.33748
0.56428,-4.49052
0.76001,-3.05518
-2.67009,0.11317
0.51476,3.33857
4.71941,-1.90086
4.31436,-0.60001
-3.08538,-1.61157
0.19489,2.16978
3.60475,0.10786
1.0994,-3.4165
3.70464,0.71854
-2.53896,-1.53194
-4.03509,-1.22423
0.90958,-3.166
0.39321,3.20518
-1.08629,2.90031
0.80344,-3.62037
-0.36944,2.75178
1.31301,-3.99275
0.79119,-3.06729
1.11409,1.52195
-0.41325,3.19422
3.13169,-1.1875
