x1,x2,classLabel
-1.426625663,0.852869744,1
-1.489953787,0.8482588645,1
-1.434443168,0.8765453803,1
-1.412450662,0.8281517745,1
-1.446151231,0.8152190831,1
-1.453655623,0.8294056032,1
-1.481082645,0.8300706503,1
-1.428404478,0.891837398,1
-1.468347337,0.8070010053,1
-1.468028473,0.8522475178,1
-1.425020882,0.8516792339,1
-1.385832256,0.8625479214,1
-1.483487132,0.8085455168,1
-1.444188608,0.894118587,1
-1.427333584,0.8352197124,1
-1.442708991,0.8721251675,1
-1.413920631,0.8166705992,1
-1.470727108,0.9202819184,1
-1.405625182,0.8304908388,1
-1.435128154,0.7975408296,1
-1.44245761,0.8383712802,1
-1.491161161,0.8254019801,1
-1.458829896,0.8900197475,1
-1.435948337,0.8076904233,1
-1.453801265,0.8341109095,1
-1.449055104,0.8840596781,1
-1.437791089,0.8838471497,1
-1.445490213,0.8415550408,1
-1.440433226,0.8634512588,1
-1.433488745,0.8320307668,1
1.655951073,1.586768761,-1
1.691303793,1.689979976,-1
1.650738298,1.594521384,-1
1.649164907,1.621549906,-1
1.640848617,1.644402233,-1
1.630327056,1.617499906,-1
1.635469042,1.597361749,-1
1.629410036,1.623759628,-1
1.665005526,1.625457009,-1
1.62030766,1.671359063,-1
1.642327701,1.589360673,-1
1.636333779,1.618314483,-1
1.654583752,1.635421383,-1
1.632435797,1.64321746,-1
1.618777914,1.632129052,-1
1.685351881,1.556279339,-1
1.673004197,1.614091161,-1
1.677037786,1.624925683,-1
1.638457397,1.603713699,-1
1.662084744,1.622360733,-1
1.648690183,1.639796558,-1
1.658122932,1.601320712,-1
1.631425316,1.594940823,-1
1.629493875,1.599640747,-1
1.632910284,1.60713608,-1
1.633198258,1.592420349,-1
1.644669035,1.647374458,-1
1.653217117,1.611992057,-1
1.644977503,1.543684639,-1
1.637261189,1.637866646,-1
0.09939398448,-1.423262098,1
0.1202990904,-1.345169293,1
0.05648067323,-1.393630163,1
0.06692627695,-1.385314928,1
0.1118720316,-1.413117103,1
0.06049727389,-1.403035995,1
0.06042183529,-1.420801848,1
0.1078629793,-1.473080295,1
0.06152295989,-1.444339133,1
0.09014281966,-1.403239159,1
0.1352548322,-1.387895421,1
0.1195045881,-1.394231887,1
0.1071765869,-1.406916931,1
0.1047347202,-1.406713455,1
0.0443048427,-1.343081239,1
0.1395072564,-1.391942388,1
0.1103347749,-1.369605085,1
0.1193925887,-1.362847676,1
0.1049571908,-1.391402013,1
0.1530744231,-1.372564549,1
0.1140577891,-1.386718289,1
0.1152647706,-1.466829912,1
0.07515054364,-1.353902698,1
0.09434353905,-1.415861058,1
0.1142896056,-1.399016541,1
0.07007928376,-1.39767845,1
0.0991373369,-1.398954103,1
0.06649971429,-1.346103587,1
0.1038641358,-1.439442172,1
0.1462543157,-1.452933872,1
1.833924984,-0.002951154405,-1
1.828108528,-0.02884673477,-1
1.803669328,-0.02457065429,-1
1.806926783,-0.02930149322,-1
1.788301906,-0.02129476684,-1
1.775390635,-0.01052672192,-1
1.825101976,0.03993178507,-1
1.750023463,0.005153273189,-1
1.771759406,-0.02773733015,-1
1.812106579,0.02865622679,-1
1.782708724,0.001025695307,-1
1.823976532,-0.01369937934,-1
1.856381806,0.05560361582,-1
1.795551836,-0.01079298766,-1
1.789727828,0.02532696212,-1
1.85487678,-0.005878601916,-1
1.841099201,0.03858093032,-1
1.798997464,0.0423186794,-1
1.833872246,0.009603710732,-1
1.801364688,0.0197709016,-1
1.769319667,-0.02160568861,-1
1.830819281,-0.0008403723462,-1
1.828535364,0.002153083327,-1
1.808793149,0.008356374336,-1
1.819260621,0.02212941747,-1
1.783198665,-0.004218320124,-1
1.82147005,0.0009606831014,-1
1.838643607,0.01569874618,-1
1.791734432,0.0006958053886,-1
1.861576678,-0.02245524994,-1
-0.02575645905,0.7693473155,-1
-0.05584734055,0.7468823432,-1
-0.08978303168,0.772782656,-1
-0.02293682479,0.7760726734,-1
-0.1152721874,0.7589396743,-1
-0.05761677738,0.8046197985,-1
-0.08786225723,0.8080483392,-1
-0.04528713118,0.7544468791,-1
-0.06152551203,0.7661220136,-1
-0.03176222045,0.8107318952,-1
-0.08286396748,0.7253523696,-1
-0.08030001105,0.7671707008,-1
-0.05949091953,0.7444357074,-1
-0.03735718081,0.7341218903,-1
-0.04313748984,0.7950993898,-1
-0.08417061447,0.7468010899,-1
-0.09638278146,0.7764524408,-1
-0.07150646057,0.809663655,-1
0.00503906365,0.7946481108,-1
-0.05364692682,0.7785460493,-1
-0.1103742549,0.7767581865,-1
-0.1315692041,0.7185591708,-1
-0.008314423676,0.7498676163,-1
-0.05984182582,0.7802503915,-1
-0.04428871076,0.735804195,-1
-0.03852806839,0.7870464715,-1
-0.05776221195,0.773599335,-1
-0.02856488551,0.8033158409,-1
-0.1114626266,0.7220868775,-1
-0.1116597414,0.7180673925,-1
0.5473265253,0.9988204234,1
0.550461931,0.9499857905,1
0.5614651412,0.9620323209,1
0.518061114,0.9483416787,1
0.5703207429,0.9762025281,1
0.5772204419,0.9361151045,1
0.5128737804,0.9513398554,1
0.600544252,0.9268954838,1
0.588392045,0.9085173777,1
0.5529320471,0.963735533,1
0.4984457218,1.006431538,1
0.5337842428,0.9606487072,1
0.4375521781,0.9871304311,1
0.5143742986,0.9303493449,1
0.5662852356,1.008755024,1
0.5174342873,0.9231616638,1
0.5236021809,0.9342705326,1
0.550120156,0.9281094473,1
0.6197474036,0.9791326589,1
0.5127348491,0.956263789,1
0.54629847,0.9521069368,1
0.5624616856,0.899209783,1
0.5267960656,0.8963390643,1
0.5256997733,0.9541010767,1
0.5616333191,0.9572301823,1
0.5535978519,0.928346425,1
0.5885143051,0.9378821467,1
0.5562698342,0.9620024647,1
0.5324727377,0.9071805149,1
0.5627847569,0.9507808306,1
-0.9490654103,0.5702329174,1
-0.9805415169,0.5939524627,1
-0.9654190245,0.6189611417,1
-0.9708079325,0.6218986623,1
-0.9614211354,0.6238991233,1
-0.9734111914,0.6227391612,1
-0.940660165,0.6047303107,1
-0.9477180174,0.5934374826,1
-0.9422498277,0.6079790186,1
-0.9986350665,0.611510418,1
-0.9483607626,0.6268360619,1
-0.9704802492,0.6410639377,1
-0.9835140469,0.5929129964,1
-0.9643691783,0.5672376121,1
-0.9312071284,0.6136177198,1
-0.95061375,0.6027847816,1
-0.9957241691,0.6249069971,1
-1.016910357,0.5936369354,1
-1.015871372,0.6191682375,1
-0.9574333515,0.6051551714,1
-1.014234779,0.5829346064,1
-0.9930581541,0.5654490259,1
-0.9856164583,0.5825759115,1
-1.0045207,0.5688576962,1
-0.9910627126,0.5917113481,1
-1.000688718,0.6224490238,1
-0.8918763648,0.6441045405,1
-0.9780799374,0.608916864,1
-0.9355887945,0.5940796709,1
-0.9749185952,0.6287238138,1
-0.6227068982,-0.6826027961,-1
-0.6286908848,-0.6585105587,-1
-0.5718893085,-0.6205257687,-1
-0.6070999422,-0.6231220395,-1
-0.5929762261,-0.6742892471,-1
-0.6133808559,-0.6649231319,-1
-0.5826181852,-0.619311068,-1
-0.5874053134,-0.6610501917,-1
-0.6879058324,-0.6320937367,-1
-0.6420567821,-0.6305583579,-1
-0.6107313125,-0.6312190213,-1
-0.6356908743,-0.6042602096,-1
-0.6673271338,-0.6837264833,-1
-0.67886056,-0.6438425869,-1
-0.5896753727,-0.6404805188,-1
-0.6218174486,-0.6170517347,-1
-0.6287349496,-0.6461831118,-1
-0.6559241853,-0.667311703,-1
-0.6160157961,-0.6636611428,-1
-0.6435204443,-0.6867694032,-1
-0.6255174965,-0.6774923377,-1
-0.5972935794,-0.6911879999,-1
-0.5976893768,-0.6380064033,-1
-0.660462027,-0.6279720868,-1
-0.6286165681,-0.6363960521,-1
-0.6109847135,-0.6476598582,-1
-0.6404311369,-0.6805475543,-1
-0.596462762,-0.6529671222,-1
-0.6414565329,-0.6357109665,-1
-0.6691328514,-0.6641251084,-1